,Date,Power Gen MW,,
0,04/10/2012,0,,7347.81
1,05/10/2012,0,,
2,06/10/2012,0,,
3,07/10/2012,0,,
4,08/10/2012,0,,
5,09/10/2012,0,,
6,10/10/2012,0,,
7,11/10/2012,0,,
8,12/10/2012,0,,
9,13/10/2012,0,,
10,14/10/2012,0,,
11,15/10/2012,0,,
12,16/10/2012,0,,
13,17/10/2012,0,,
14,18/10/2012,0,,
15,19/10/2012,0,,
16,20/10/2012,0,,
17,21/10/2012,0,,
18,22/10/2012,0,,
19,23/10/2012,0,,
20,24/10/2012,0,,
21,25/10/2012,0,,
22,26/10/2012,0,,
23,27/10/2012,0,,
24,28/10/2012,0,,
25,29/10/2012,0,,
26,30/10/2012,0,,
27,31/10/2012,0,,
28,01/11/2012,0,,
29,02/11/2012,0,,
30,03/11/2012,0,,
31,04/11/2012,0,,
32,05/11/2012,0,,
33,06/11/2012,0,,
34,07/11/2012,0,,
35,08/11/2012,0,,
36,09/11/2012,0,,
37,10/11/2012,0,,
38,11/11/2012,0,,
39,12/11/2012,0,,
40,13/11/2012,0,,
41,14/11/2012,0,,
42,15/11/2012,0,,
43,16/11/2012,0,,
44,17/11/2012,0,,
45,18/11/2012,0,,
46,19/11/2012,0,,
47,20/11/2012,0,,
48,21/11/2012,0,,
49,22/11/2012,0,,
50,23/11/2012,0,,
51,24/11/2012,0,,
52,25/11/2012,0,,
53,26/11/2012,0,,
54,27/11/2012,0,,
55,28/11/2012,0,,
56,29/11/2012,0,,
57,30/11/2012,0,,
58,01/12/2012,0,,
59,02/12/2012,0,,
60,03/12/2012,0,,
61,04/12/2012,0,,
62,05/12/2012,0,,
63,06/12/2012,0,,
64,07/12/2012,0,,
65,08/12/2012,0,,
66,09/12/2012,0,,
67,10/12/2012,0,,
68,11/12/2012,0,,
69,12/12/2012,0,,
70,13/12/2012,0,,
71,14/12/2012,0,,
72,15/12/2012,0,,
73,16/12/2012,0,,
74,17/12/2012,0,,
75,18/12/2012,0,,
76,19/12/2012,0,,
77,20/12/2012,0,,
78,21/12/2012,0,,
79,22/12/2012,0,,
80,23/12/2012,0,,
81,24/12/2012,0,,
82,25/12/2012,0,,
83,26/12/2012,0,,
84,27/12/2012,0,,
85,28/12/2012,0,,
86,29/12/2012,0,,
87,30/12/2012,0,,
88,31/12/2012,0,,
89,01/01/2013,0,,
90,02/01/2013,0,,
91,03/01/2013,0,,
92,04/01/2013,0,,
93,05/01/2013,0,,
94,06/01/2013,0,,
95,07/01/2013,0,,
96,08/01/2013,0,,
97,09/01/2013,0,,
98,10/01/2013,0,,
99,11/01/2013,0,,
100,12/01/2013,0,,
101,13/01/2013,0,,
102,14/01/2013,0,,
103,15/01/2013,0,,
104,16/01/2013,0,,
105,17/01/2013,0,,
106,18/01/2013,0,,
107,19/01/2013,0,,
108,20/01/2013,0,,
109,21/01/2013,0,,
110,22/01/2013,0,,
111,23/01/2013,0,,
112,24/01/2013,0,,
113,25/01/2013,0,,
114,26/01/2013,0,,
115,27/01/2013,0,,
116,28/01/2013,0,,
117,29/01/2013,0,,
118,30/01/2013,0,,
119,31/01/2013,0,,
120,01/02/2013,0,,
121,02/02/2013,0,,
122,03/02/2013,0,,
123,04/02/2013,0,,
124,05/02/2013,0,,
125,06/02/2013,0,,
126,07/02/2013,0,,
127,08/02/2013,0,,
128,09/02/2013,0,,
129,10/02/2013,0,,
130,11/02/2013,0,,
131,12/02/2013,0,,
132,13/02/2013,0,,
133,14/02/2013,0,,
134,15/02/2013,0,,
135,16/02/2013,0,,
136,17/02/2013,0,,
137,18/02/2013,0,,
138,19/02/2013,0,,
139,20/02/2013,0,,
140,21/02/2013,0,,
141,22/02/2013,0,,
142,23/02/2013,0,,
143,24/02/2013,0,,
144,25/02/2013,0,,
145,26/02/2013,0,,
146,27/02/2013,0,,
147,28/02/2013,0,,
148,01/03/2013,0,,
149,02/03/2013,0,,
150,03/03/2013,0,,
151,04/03/2013,0,,
152,05/03/2013,0,,
153,06/03/2013,0,,
154,07/03/2013,0,,
155,08/03/2013,0,,
156,09/03/2013,0,,
157,10/03/2013,0,,
158,11/03/2013,0,,
159,12/03/2013,0,,
160,13/03/2013,0,,
161,14/03/2013,0,,
162,15/03/2013,0,,
163,16/03/2013,0,,
164,17/03/2013,0,,
165,18/03/2013,0,,
166,19/03/2013,0,,
167,20/03/2013,0,,
168,21/03/2013,0,,
169,22/03/2013,0,,
170,23/03/2013,0,,
171,24/03/2013,0,,
172,25/03/2013,0,,
173,26/03/2013,0,,
174,27/03/2013,0,,
175,28/03/2013,0,,
176,29/03/2013,0,,
177,30/03/2013,0,,
178,31/03/2013,0,,
179,01/04/2013,0,,
180,02/04/2013,0,,
181,03/04/2013,0,,
182,04/04/2013,0,,
183,05/04/2013,0,,
184,06/04/2013,0,,
185,07/04/2013,0,,
186,08/04/2013,0,,
187,09/04/2013,0,,
188,10/04/2013,0,,
189,11/04/2013,0,,
190,12/04/2013,0,,
191,13/04/2013,0,,
192,14/04/2013,0,,
193,15/04/2013,0,,
194,16/04/2013,0,,
195,17/04/2013,0,,
196,18/04/2013,0,,
197,19/04/2013,0,,
198,20/04/2013,0,,
199,21/04/2013,0,,
200,22/04/2013,0,,
201,23/04/2013,0,,
202,24/04/2013,0,,
203,25/04/2013,0,,
204,26/04/2013,0,,
205,27/04/2013,0,,
206,28/04/2013,0,,
207,29/04/2013,0,,
208,30/04/2013,0,,
209,01/05/2013,0,,
210,02/05/2013,0,,
211,03/05/2013,0,,
212,04/05/2013,0,,
213,05/05/2013,0,,
214,06/05/2013,0,,
215,07/05/2013,0,,
216,08/05/2013,0,,
217,09/05/2013,0,,
218,10/05/2013,0,,
219,11/05/2013,0,,
220,12/05/2013,0,,
221,13/05/2013,0,,
222,14/05/2013,0,,
223,15/05/2013,0,,
224,16/05/2013,0,,
225,17/05/2013,0,,
226,18/05/2013,0,,
227,19/05/2013,0,,
228,20/05/2013,0,,
229,21/05/2013,0,,
230,22/05/2013,0,,
231,23/05/2013,0,,
232,24/05/2013,0,,
233,25/05/2013,0,,
234,26/05/2013,0,,
235,27/05/2013,0,,
236,28/05/2013,0,,
237,29/05/2013,0,,
238,30/05/2013,0,,
239,31/05/2013,0,,
240,01/06/2013,0,,
241,02/06/2013,0,,
242,03/06/2013,0,,
243,04/06/2013,0,,
244,05/06/2013,0,,
245,06/06/2013,0,,
246,07/06/2013,0,,
247,08/06/2013,0,,
248,09/06/2013,0,,
249,10/06/2013,0,,
250,11/06/2013,0,,
251,12/06/2013,0,,
252,13/06/2013,0,,
253,14/06/2013,0,,
254,15/06/2013,0,,
255,16/06/2013,0,,
256,17/06/2013,0,,
257,18/06/2013,0,,
258,19/06/2013,0,,
259,20/06/2013,0,,
260,21/06/2013,0,,
261,22/06/2013,0,,
262,23/06/2013,0,,
263,24/06/2013,0,,
264,25/06/2013,0,,
265,26/06/2013,0,,
266,27/06/2013,0,,
267,28/06/2013,0,,
268,29/06/2013,0,,
269,30/06/2013,0,,
270,01/07/2013,0,,
271,02/07/2013,0,,
272,03/07/2013,0,,
273,04/07/2013,0,,
274,05/07/2013,0,,
275,06/07/2013,0,,
276,07/07/2013,0,,
277,08/07/2013,0,,
278,09/07/2013,0,,
279,10/07/2013,0,,
280,11/07/2013,0,,
281,12/07/2013,0,,
282,13/07/2013,0,,
283,14/07/2013,0,,
284,15/07/2013,0,,
285,16/07/2013,0,,
286,17/07/2013,0,,
287,18/07/2013,0,,
288,19/07/2013,0,,
289,20/07/2013,0,,
290,21/07/2013,0,,
291,22/07/2013,0,,
292,23/07/2013,0,,
293,24/07/2013,0,,
294,25/07/2013,0,,
295,26/07/2013,0,,
296,27/07/2013,0,,
297,28/07/2013,0,,
298,29/07/2013,0,,
299,30/07/2013,0,,
300,31/07/2013,0,,
301,01/08/2013,0,,
302,02/08/2013,0,,
303,03/08/2013,0,,
304,04/08/2013,0,,
305,05/08/2013,0,,
306,06/08/2013,0,,
307,07/08/2013,0,,
308,08/08/2013,0,,
309,09/08/2013,0,,
310,10/08/2013,0,,
311,11/08/2013,0,,
312,12/08/2013,0,,
313,13/08/2013,0,,
314,14/08/2013,0,,
315,15/08/2013,0,,
316,16/08/2013,0,,
317,17/08/2013,0,,
318,18/08/2013,0,,
319,19/08/2013,0,,
320,20/08/2013,0,,
321,21/08/2013,0,,
322,22/08/2013,0,,
323,23/08/2013,0,,
324,24/08/2013,0,,
325,25/08/2013,0,,
326,26/08/2013,0,,
327,27/08/2013,0,,
328,28/08/2013,0,,
329,29/08/2013,0,,
330,30/08/2013,0,,
331,31/08/2013,0,,
332,01/09/2013,0,,
333,02/09/2013,0,,
334,03/09/2013,0,,
335,04/09/2013,0,,
336,05/09/2013,0,,
337,06/09/2013,0,,
338,07/09/2013,0,,
339,08/09/2013,0,,
340,09/09/2013,0,,
341,10/09/2013,0,,
342,11/09/2013,0,,
343,12/09/2013,0,,
344,13/09/2013,0,,
345,14/09/2013,0,,
346,15/09/2013,0,,
347,16/09/2013,0,,
348,17/09/2013,0,,
349,18/09/2013,0,,
350,19/09/2013,0,,
351,20/09/2013,0,,
352,21/09/2013,0,,
353,22/09/2013,0,,
354,23/09/2013,0,,
355,24/09/2013,0,,
356,25/09/2013,0,,
357,26/09/2013,0,,
358,27/09/2013,0,,
359,28/09/2013,0,,
360,29/09/2013,0,,
361,30/09/2013,0,,
362,01/10/2013,0,,
363,02/10/2013,0,,
364,03/10/2013,0,,
365,04/10/2013,0,,
366,05/10/2013,0,,
367,06/10/2013,0,,
368,07/10/2013,0,,
369,08/10/2013,0,,
370,09/10/2013,0,,
371,10/10/2013,0,,
372,11/10/2013,0,,
373,12/10/2013,0,,
374,13/10/2013,0,,
375,14/10/2013,0,,
376,15/10/2013,0,,
377,16/10/2013,0,,
378,17/10/2013,0,,
379,18/10/2013,0,,
380,19/10/2013,0,,
381,20/10/2013,0,,
382,21/10/2013,0,,
383,22/10/2013,0,,
384,23/10/2013,0,,
385,24/10/2013,0,,
386,25/10/2013,0,,
387,26/10/2013,0,,
388,27/10/2013,0,,
389,28/10/2013,0,,
390,29/10/2013,2075.846,,
391,30/10/2013,1616.2865,,
392,31/10/2013,1845.132,,
393,01/11/2013,1127.7455,,
394,02/11/2013,1602.9,,
395,03/11/2013,1410.55,,
396,04/11/2013,948.3585,,
397,05/11/2013,1279.656,,
398,06/11/2013,0,,
399,07/11/2013,0,,
400,08/11/2013,0,,
401,09/11/2013,0,,
402,10/11/2013,0,,
403,11/11/2013,0,,
404,12/11/2013,0,,
405,13/11/2013,0,,
406,14/11/2013,0,,
407,15/11/2013,0,,
408,16/11/2013,0,,
409,17/11/2013,0,,
410,18/11/2013,0,,
411,19/11/2013,0,,
412,20/11/2013,0,,
413,21/11/2013,0,,
414,22/11/2013,0,,
415,23/11/2013,0,,
416,24/11/2013,0,,
417,25/11/2013,0,,
418,26/11/2013,0,,
419,27/11/2013,0,,
420,28/11/2013,0,,
421,29/11/2013,0,,
422,30/11/2013,0,,
423,01/12/2013,0,,
424,02/12/2013,0,,
425,03/12/2013,0,,
426,04/12/2013,0,,
427,05/12/2013,0,,
428,06/12/2013,0,,
429,07/12/2013,0,,
430,08/12/2013,0,,
431,09/12/2013,0,,
432,10/12/2013,0,,
433,11/12/2013,0,,
434,12/12/2013,0,,
435,13/12/2013,0,,
436,14/12/2013,0,,
437,15/12/2013,0,,
438,16/12/2013,0,,
439,17/12/2013,0,,
440,18/12/2013,0,,
441,19/12/2013,0,,
442,20/12/2013,0,,
443,21/12/2013,0,,
444,22/12/2013,0,,
445,23/12/2013,0,,
446,24/12/2013,0,,
447,25/12/2013,0,,
448,26/12/2013,0,,
449,27/12/2013,0,,
450,28/12/2013,0,,
451,29/12/2013,0,,
452,30/12/2013,0,,
453,31/12/2013,0,,
454,01/01/2014,0,,
455,02/01/2014,0,,
456,03/01/2014,0,,
457,04/01/2014,0,,
458,05/01/2014,0,,
459,06/01/2014,0,,
460,07/01/2014,0,,
461,08/01/2014,0,,
462,09/01/2014,0,,
463,10/01/2014,0,,
464,11/01/2014,0,,
465,12/01/2014,0,,
466,13/01/2014,0,,
467,14/01/2014,0,,
468,15/01/2014,0,,
469,16/01/2014,0,,
470,17/01/2014,0,,
471,18/01/2014,0,,
472,19/01/2014,0,,
473,20/01/2014,0,,
474,21/01/2014,0,,
475,22/01/2014,0,,
476,23/01/2014,0,,
477,24/01/2014,0,,
478,25/01/2014,0,,
479,26/01/2014,0,,
480,27/01/2014,0,,
481,28/01/2014,0,,
482,29/01/2014,0,,
483,30/01/2014,0,,
484,31/01/2014,0,,
485,01/02/2014,0,,
486,02/02/2014,0,,
487,03/02/2014,0,,
488,04/02/2014,0,,
489,05/02/2014,0,,
490,06/02/2014,0,,
491,07/02/2014,0,,
492,08/02/2014,0,,
493,09/02/2014,0,,
494,10/02/2014,0,,
495,11/02/2014,0,,
496,12/02/2014,0,,
497,13/02/2014,0,,
498,14/02/2014,0,,
499,15/02/2014,0,,
500,16/02/2014,0,,
501,17/02/2014,0,,
502,18/02/2014,0,,
503,19/02/2014,0,,
504,20/02/2014,0,,
505,21/02/2014,0,,
506,22/02/2014,0,,
507,23/02/2014,0,,
508,24/02/2014,0,,
509,25/02/2014,0,,
510,26/02/2014,0,,
511,27/02/2014,0,,
512,28/02/2014,0,,
513,01/03/2014,0,,
514,02/03/2014,0,,
515,03/03/2014,0,,
516,04/03/2014,0,,
517,05/03/2014,0,,
518,06/03/2014,0,,
519,07/03/2014,0,,
520,08/03/2014,0,,
521,09/03/2014,0,,
522,10/03/2014,0,,
523,11/03/2014,0,,
524,12/03/2014,0,,
525,13/03/2014,0,,
526,14/03/2014,0,,
527,15/03/2014,0,,
528,16/03/2014,0,,
529,17/03/2014,0,,
530,18/03/2014,0,,
531,19/03/2014,0,,
532,20/03/2014,0,,
533,21/03/2014,0,,
534,22/03/2014,0,,
535,23/03/2014,0,,
536,24/03/2014,0,,
537,25/03/2014,0,,
538,26/03/2014,0,,
539,27/03/2014,0,,
540,28/03/2014,0,,
541,29/03/2014,0,,
542,30/03/2014,0,,
543,31/03/2014,0,,
544,01/04/2014,0,,
545,02/04/2014,0,,
546,03/04/2014,0,,
547,04/04/2014,0,,
548,05/04/2014,0,,
549,06/04/2014,0,,
550,07/04/2014,0,,
551,08/04/2014,0,,
552,09/04/2014,0,,
553,10/04/2014,0,,
554,11/04/2014,0,,
555,12/04/2014,0,,
556,13/04/2014,0,,
557,14/04/2014,0,,
558,15/04/2014,0,,
559,16/04/2014,0,,
560,17/04/2014,0,,
561,18/04/2014,0,,
562,19/04/2014,0,,
563,20/04/2014,0,,
564,21/04/2014,0,,
565,22/04/2014,0,,
566,23/04/2014,0,,
567,24/04/2014,0,,
568,25/04/2014,0,,
569,26/04/2014,0,,
570,27/04/2014,0,,
571,28/04/2014,0,,
572,29/04/2014,0,,
573,30/04/2014,0,,
574,01/05/2014,0,,
575,02/05/2014,0,,
576,03/05/2014,0,,
577,04/05/2014,0,,
578,05/05/2014,0,,
579,06/05/2014,0,,
580,07/05/2014,0,,
581,08/05/2014,0,,
582,09/05/2014,0,,
583,10/05/2014,0,,
584,11/05/2014,0,,
585,12/05/2014,0,,
586,13/05/2014,0,,
587,14/05/2014,0,,
588,15/05/2014,0,,
589,16/05/2014,0,,
590,17/05/2014,0,,
591,18/05/2014,0,,
592,19/05/2014,368.1075,,
593,20/05/2014,816.03,,
594,21/05/2014,195.036,,
595,22/05/2014,469.2405,,
596,23/05/2014,1404.2685,,
597,24/05/2014,1381.4045,,
598,25/05/2014,133.944,,
599,26/05/2014,146.0225,,
600,27/05/2014,48.4125,,
601,28/05/2014,0,,
602,29/05/2014,0,,
603,30/05/2014,0,,
604,31/05/2014,0,,
605,01/06/2014,0,,
606,02/06/2014,0,,
607,03/06/2014,0,,
608,04/06/2014,0,,
609,05/06/2014,0,,
610,06/06/2014,0,,
611,07/06/2014,0,,
612,08/06/2014,0,,
613,09/06/2014,0,,
614,10/06/2014,0,,
615,11/06/2014,0,,
616,12/06/2014,0,,
617,13/06/2014,0,,
618,14/06/2014,0,,
619,15/06/2014,0,,
620,16/06/2014,0,,
621,17/06/2014,0,,
622,18/06/2014,0,,
623,19/06/2014,0,,
624,20/06/2014,0,,
625,21/06/2014,0,,
626,22/06/2014,0,,
627,23/06/2014,0,,
628,24/06/2014,0,,
629,25/06/2014,0,,
630,26/06/2014,0,,
631,27/06/2014,0,,
632,28/06/2014,0,,
633,29/06/2014,0,,
634,30/06/2014,0,,
635,01/07/2014,0,,
636,02/07/2014,0,,
637,03/07/2014,0,,
638,04/07/2014,0,,
639,05/07/2014,0,,
640,06/07/2014,0,,
641,07/07/2014,0,,
642,08/07/2014,0,,
643,09/07/2014,0,,
644,10/07/2014,0,,
645,11/07/2014,0,,
646,12/07/2014,0,,
647,13/07/2014,0,,
648,14/07/2014,0,,
649,15/07/2014,0,,
650,16/07/2014,0,,
651,17/07/2014,0,,
652,18/07/2014,0,,
653,19/07/2014,0,,
654,20/07/2014,0,,
655,21/07/2014,0,,
656,22/07/2014,0,,
657,23/07/2014,0,,
658,24/07/2014,0,,
659,25/07/2014,0,,
660,26/07/2014,0,,
661,27/07/2014,0,,
662,28/07/2014,0,,
663,29/07/2014,0,,
664,30/07/2014,0,,
665,31/07/2014,0,,
666,01/08/2014,0,,
667,02/08/2014,0,,
668,03/08/2014,0,,
669,04/08/2014,0,,
670,05/08/2014,0,,
671,06/08/2014,0,,
672,07/08/2014,0,,
673,08/08/2014,0,,
674,09/08/2014,0,,
675,10/08/2014,0,,
676,11/08/2014,0,,
677,12/08/2014,0,,
678,13/08/2014,0,,
679,14/08/2014,0,,
680,15/08/2014,0,,
681,16/08/2014,0,,
682,17/08/2014,0,,
683,18/08/2014,0,,
684,19/08/2014,0,,
685,20/08/2014,0,,
686,21/08/2014,0,,
687,22/08/2014,0,,
688,23/08/2014,0,,
689,24/08/2014,0,,
690,25/08/2014,0,,
691,26/08/2014,0,,
692,27/08/2014,1243.1335,,
693,28/08/2014,1574.844,,
694,29/08/2014,2096.676,,
695,30/08/2014,1484.269,,
696,31/08/2014,609.2025,,
697,01/09/2014,757.288,,
698,02/09/2014,48.6245,,
699,03/09/2014,202.3185,,
700,04/09/2014,0,,
701,05/09/2014,0,,
702,06/09/2014,0,,
703,07/09/2014,0,,
704,08/09/2014,0,,
705,09/09/2014,0,,
706,10/09/2014,0,,
707,11/09/2014,0,,
708,12/09/2014,0,,
709,13/09/2014,0,,
710,14/09/2014,0,,
711,15/09/2014,0,,
712,16/09/2014,0,,
713,17/09/2014,0,,
714,18/09/2014,0,,
715,19/09/2014,0,,
716,20/09/2014,0,,
717,21/09/2014,0,,
718,22/09/2014,0,,
719,23/09/2014,0,,
720,24/09/2014,0,,
721,25/09/2014,0,,
722,26/09/2014,0,,
723,27/09/2014,0,,
724,28/09/2014,0,,
725,29/09/2014,0,,
726,30/09/2014,0,,
727,01/10/2014,0,,
728,02/10/2014,0,,
729,03/10/2014,0,,
730,04/10/2014,0,,
731,05/10/2014,0,,
732,06/10/2014,0,,
733,07/10/2014,0,,
734,08/10/2014,0,,
735,09/10/2014,0,,
736,10/10/2014,0,,
737,11/10/2014,0,,
738,12/10/2014,0,,
739,13/10/2014,0,,
740,14/10/2014,0,,
741,15/10/2014,0,,
742,16/10/2014,0,,
743,17/10/2014,0,,
744,18/10/2014,0,,
745,19/10/2014,0,,
746,20/10/2014,0,,
747,21/10/2014,0,,
748,22/10/2014,0,,
749,23/10/2014,0,,
750,24/10/2014,0,,
751,25/10/2014,0,,
752,26/10/2014,0,,
753,27/10/2014,0,,
754,28/10/2014,0,,
755,29/10/2014,627.896,,
756,30/10/2014,1219.5545,,
757,31/10/2014,1740.4465,,
758,01/11/2014,2089.66,,
759,02/11/2014,2059.248,,
760,03/11/2014,1427.1085,,
761,04/11/2014,612.5105,,
762,05/11/2014,520.923,,
763,06/11/2014,0,,
764,07/11/2014,0,,
765,08/11/2014,0,,
766,09/11/2014,0,,
767,10/11/2014,0,,
768,11/11/2014,0,,
769,12/11/2014,0,,
770,13/11/2014,0,,
771,14/11/2014,0,,
772,15/11/2014,0,,
773,16/11/2014,0,,
774,17/11/2014,0,,
775,18/11/2014,0,,
776,19/11/2014,0,,
777,20/11/2014,0,,
778,21/11/2014,0,,
779,22/11/2014,0,,
780,23/11/2014,0,,
781,24/11/2014,0,,
782,25/11/2014,170.5785,,
783,26/11/2014,297.4295,,
784,27/11/2014,393.2895,,
785,28/11/2014,1159.267,,
786,29/11/2014,585.452,,
787,30/11/2014,639.045,,
788,01/12/2014,526.3265,,
789,02/12/2014,1134.6465,,
790,03/12/2014,0,,
791,04/12/2014,0,,
792,05/12/2014,0,,
793,06/12/2014,0,,
794,07/12/2014,0,,
795,08/12/2014,0,,
796,09/12/2014,0,,
797,10/12/2014,0,,
798,11/12/2014,1606.6655,,
799,12/12/2014,1431.422,,
800,13/12/2014,1479.3435,,
801,14/12/2014,1990.413,,
802,15/12/2014,1918.653,,
803,16/12/2014,1487.879,,
804,17/12/2014,2058.0615,,
805,18/12/2014,2121.5295,,
806,19/12/2014,2112.902,,
807,20/12/2014,2099.143,,
808,21/12/2014,2103.2665,,
809,22/12/2014,2124.8895,,
810,23/12/2014,1916.69,,
811,24/12/2014,0,,
812,25/12/2014,1409.74,,
813,26/12/2014,750.7145,,
814,27/12/2014,1122.035,,
815,28/12/2014,244.3935,,
816,29/12/2014,460.475,,
817,30/12/2014,1355.29,,
818,31/12/2014,2019.265,,
819,01/01/2015,2096.865,,
820,02/01/2015,2076.25,,
821,03/01/2015,769.992,,
822,04/01/2015,346.9235,,
823,05/01/2015,1167.005,,
824,06/01/2015,1934.135,,
825,07/01/2015,2119.08,,
826,08/01/2015,2027.569,,
827,09/01/2015,1966.6635,,
828,10/01/2015,1797.0555,,
829,11/01/2015,1998.605,,
830,12/01/2015,1817.695,,
831,13/01/2015,1944.54,,
832,14/01/2015,1900.486,,
833,15/01/2015,1461.5955,,
834,16/01/2015,1805.53,,
835,17/01/2015,1687.32,,
836,18/01/2015,1178.945,,
837,19/01/2015,255.7225,,
838,20/01/2015,1044.305,,
839,21/01/2015,603.43,,
840,22/01/2015,225.109,,
841,23/01/2015,1901.725,,
842,24/01/2015,2058.13,,
843,25/01/2015,1987.68,,
844,26/01/2015,1778.855,,
845,27/01/2015,1694.14,,
846,28/01/2015,1956.515,,
847,29/01/2015,1808.24,,
848,30/01/2015,,,
849,31/01/2015,1914.045,,
850,01/02/2015,1650.61,,
851,02/02/2015,510.33,,
852,03/02/2015,883.92,,
853,04/02/2015,899.49,,
854,05/02/2015,381.375,,
855,06/02/2015,8.0105,,
856,07/02/2015,82.706,,
857,08/02/2015,392.975,,
858,09/02/2015,851.81,,
859,10/02/2015,28.0795,,
860,11/02/2015,354.199,,
861,12/02/2015,,,
862,13/02/2015,1763.11,,
863,14/02/2015,637.865,,
864,15/02/2015,1098.12,,
865,16/02/2015,1283.705,,
866,17/02/2015,1741.755,,
867,18/02/2015,2038.415,,
868,19/02/2015,1653.36,,
869,20/02/2015,1125.89,,
870,21/02/2015,1773.79,,
871,22/02/2015,1727.38,,
872,23/02/2015,2082.44,,
873,24/02/2015,2063.815,,
874,25/02/2015,1205,,
875,26/02/2015,2030.71,,
876,27/02/2015,2000.11,,
877,28/02/2015,1914.265,,
878,01/03/2015,1939.384,,
879,02/03/2015,2160.59,,
880,03/03/2015,2168.085,,
881,04/03/2015,1669.77,,
882,05/03/2015,2054.055,,
883,06/03/2015,2152.4,,
884,07/03/2015,2162.26,,
885,08/03/2015,1242.33,,
886,09/03/2015,1798.575,,
887,10/03/2015,969.003,,
888,11/03/2015,1532.395,,
889,12/03/2015,1920.045,,
890,13/03/2015,373.084,,
891,14/03/2015,672.469,,
892,15/03/2015,594.001,,
893,16/03/2015,367.7295,,
894,17/03/2015,151.789,,
895,18/03/2015,30.976,,
896,19/03/2015,6.536,,
897,20/03/2015,959.7235,,
898,21/03/2015,343.805,,
899,22/03/2015,416.57,,
900,23/03/2015,1212.75,,
901,24/03/2015,366.1,,
902,25/03/2015,259.516,,
903,26/03/2015,1901.0675,,
904,27/03/2015,466.7235,,
905,28/03/2015,1995.985,,
906,29/03/2015,1817.74,,
907,30/03/2015,2163.435,,
908,31/03/2015,2018.1915,,
909,01/04/2015,1788.84,,
910,02/04/2015,438.963,,
911,03/04/2015,1164.605,,
912,04/04/2015,707.105,,
913,05/04/2015,22.9785,,
914,06/04/2015,5.1745,,
915,07/04/2015,32.705,,
916,08/04/2015,4.5695,,
917,09/04/2015,46.5395,,
918,10/04/2015,954.6145,,
919,11/04/2015,2047.85,,
920,12/04/2015,1496.8285,,
921,13/04/2015,1175.08,,
922,14/04/2015,2095.285,,
923,15/04/2015,1226.41,,
924,16/04/2015,77.2555,,
925,17/04/2015,1015.39,,
926,18/04/2015,544.952,,
927,19/04/2015,466.115,,
928,20/04/2015,87.51,,
929,21/04/2015,260.813,,
930,22/04/2015,158.5575,,
931,23/04/2015,13.076,,
932,24/04/2015,732.004,,
933,25/04/2015,1467.805,,
934,26/04/2015,1040.665,,
935,27/04/2015,944.8595,,
936,28/04/2015,2059.045,,
937,29/04/2015,1978.46,,
938,30/04/2015,876.89,,
939,01/05/2015,390.9345,,
940,02/05/2015,1875.035,,
941,03/05/2015,1754.955,,
942,04/05/2015,962.633,,
943,05/05/2015,1685.57,,
944,06/05/2015,1911.215,,
945,07/05/2015,294.88,,
946,08/05/2015,626.455,,
947,09/05/2015,938.275,,
948,10/05/2015,1523.945,,
949,11/05/2015,2053.965,,
950,12/05/2015,1986.54,,
951,13/05/2015,257.5645,,
952,14/05/2015,1500.875,,
953,15/05/2015,998.3925,,
954,16/05/2015,1837.955,,
955,17/05/2015,2075,,
956,18/05/2015,1536.935,,
957,19/05/2015,1933.965,,
958,20/05/2015,1490.91,,
959,21/05/2015,958.935,,
960,22/05/2015,1212.895,,
961,23/05/2015,309.9585,,
962,24/05/2015,1159.905,,
963,25/05/2015,854.87,,
964,26/05/2015,1672.46,,
965,27/05/2015,1021.521,,
966,28/05/2015,1923.06,,
967,29/05/2015,945.7,,
968,30/05/2015,565.175,,
969,31/05/2015,2034.11,,
970,01/06/2015,2147.71,,
971,02/06/2015,2075.56,,
972,03/06/2015,1245.535,,
973,04/06/2015,177.111,,
974,05/06/2015,1245.07,,
975,06/06/2015,2116.815,,
976,07/06/2015,924.85,,
977,08/06/2015,584.86,,
978,09/06/2015,64.926,,
979,10/06/2015,70.785,,
980,11/06/2015,185.5665,,
981,12/06/2015,393.744,,
982,13/06/2015,545.696,,
983,14/06/2015,304.535,,
984,15/06/2015,146.863,,
985,16/06/2015,780.79,,
986,17/06/2015,1629.285,,
987,18/06/2015,1182.815,,
988,19/06/2015,846.395,,
989,20/06/2015,405.21,,
990,21/06/2015,1420.96,,
991,22/06/2015,1316.275,,
992,23/06/2015,100.2285,,
993,24/06/2015,829.43,,
994,25/06/2015,673.79,,
995,26/06/2015,794.6915,,
996,27/06/2015,1035.185,,
997,28/06/2015,1524.745,,
998,29/06/2015,369.7095,,
999,30/06/2015,168.973,,
1000,01/07/2015,961.9105,,
1001,02/07/2015,890.785,,
1002,03/07/2015,570.4925,,
1003,04/07/2015,1579.465,,
1004,05/07/2015,521.4965,,
1005,06/07/2015,1450.37,,
1006,07/07/2015,1956.725,,
1007,08/07/2015,1687.75,,
1008,09/07/2015,567.987,,
1009,10/07/2015,,,
1010,11/07/2015,2742.665,,
1011,12/07/2015,2396.57,,
1012,13/07/2015,1236.55,,
1013,14/07/2015,1032.559,,
1014,15/07/2015,2130.43,,
1015,16/07/2015,1712.4,,
1016,17/07/2015,3979.14,,
1017,18/07/2015,3985.23,,
1018,19/07/2015,3004.31,,
1019,20/07/2015,2439.87,,
1020,21/07/2015,3256.97,,
1021,22/07/2015,796.021,,
1022,23/07/2015,1746.51,,
1023,24/07/2015,601.309,,
1024,25/07/2015,2069.19,,
1025,26/07/2015,2505.18,,
1026,27/07/2015,428.461,,
1027,28/07/2015,1241.237,,
1028,29/07/2015,1758.84,,
1029,30/07/2015,0,,
1030,31/07/2015,2189.98,,
1031,01/08/2015,1815.27,,
1032,02/08/2015,1707.92,,
1033,03/08/2015,3776.71,,
1034,04/08/2015,4121.75,,
1035,05/08/2015,3060.03,,
1036,06/08/2015,1470.77,,
1037,07/08/2015,29.71,,
1038,08/08/2015,994.43,,
1039,09/08/2015,2692.31,,
1040,10/08/2015,2799.63,,
1041,11/08/2015,260.924,,
1042,12/08/2015,135.298,,
1043,13/08/2015,411.616,,
1044,14/08/2015,1626.955,,
1045,15/08/2015,1214.74,,
1046,16/08/2015,224.773,,
1047,17/08/2015,125.69,,
1048,18/08/2015,1519.59,,
1049,19/08/2015,2752.88,,
1050,20/08/2015,1415.32,,
1051,21/08/2015,2823.13,,
1052,22/08/2015,1068.044,,
1053,23/08/2015,2305.95,,
1054,24/08/2015,648.351,,
1055,25/08/2015,1560.58,,
1056,26/08/2015,3632.16,,
1057,27/08/2015,3617.86,,
1058,28/08/2015,3558.96,,
1059,29/08/2015,2982.09,,
1060,30/08/2015,195.393,,
1061,31/08/2015,1019.792,,
1062,01/09/2015,1146.02,,
1063,02/09/2015,1610.16,,
1064,03/09/2015,1841.36,,
1065,04/09/2015,1874.53,,
1066,05/09/2015,1441.92,,
1067,06/09/2015,1742.29,,
1068,07/09/2015,72.27,,
1069,08/09/2015,314.169,,
1070,09/09/2015,1533.76,,
1071,10/09/2015,2057.15,,
1072,11/09/2015,3581.73,,
1073,12/09/2015,3936.23,,
1074,13/09/2015,1121.111,,
1075,14/09/2015,872.17,,
1076,15/09/2015,1369.598,,
1077,16/09/2015,448.052,,
1078,17/09/2015,1014.045,,
1079,18/09/2015,464.159,,
1080,19/09/2015,9.622,,
1081,20/09/2015,1824.05,,
1082,21/09/2015,2014.41,,
1083,22/09/2015,2089.663,,
1084,23/09/2015,2659.59,,
1085,24/09/2015,4130.86,,
1086,25/09/2015,0,,
1087,26/09/2015,0,,
1088,27/09/2015,0,,
1089,28/09/2015,1117.45,,
1090,29/09/2015,1190.95,,
1091,30/09/2015,738.05,,
1092,01/10/2015,318.599,,
1093,02/10/2015,166.051,,
1094,03/10/2015,74.228,,
1095,04/10/2015,708.728,,
1096,05/10/2015,3523.27,,
1097,06/10/2015,794.732,,
1098,07/10/2015,0,,
1099,08/10/2015,136.18,,
1100,09/10/2015,211.096,,
1101,10/10/2015,443.645,,
1102,11/10/2015,721.22,,
1103,12/10/2015,2022.391,,
1104,13/10/2015,602.185,,
1105,14/10/2015,179.257,,
1106,15/10/2015,370.538,,
1107,16/10/2015,507.459,,
1108,17/10/2015,561.2,,
1109,18/10/2015,431.582,,
1110,19/10/2015,197.3,,
1111,20/10/2015,1577.73,,
1112,21/10/2015,3471.66,,
1113,22/10/2015,3129.19,,
1114,23/10/2015,3014.08,,
1115,24/10/2015,3886.98,,
1116,25/10/2015,3138.36,,
1117,26/10/2015,3880.6,,
1118,27/10/2015,3175.37,,
1119,28/10/2015,608.287,,
1120,29/10/2015,1966.93,,
1121,30/10/2015,1889.15,,
1122,31/10/2015,1521.675,,
1123,01/11/2015,148.431,,
1124,02/11/2015,160.156,,
1125,03/11/2015,544.25,,
1126,04/11/2015,386.29,,
1127,05/11/2015,1453.432,,
1128,06/11/2015,2527.51,,
1129,07/11/2015,2180.764,,
1130,08/11/2015,3690.69,,
1131,09/11/2015,3697.275,,
1132,10/11/2015,3995.62,,
1133,11/11/2015,3772.16,,
1134,12/11/2015,3731.09,,
1135,13/11/2015,3953.9,,
1136,14/11/2015,3209.6,,
1137,15/11/2015,3986.2,,
1138,16/11/2015,3630.057,,
1139,17/11/2015,3076.55,,
1140,18/11/2015,3713.968,,
1141,19/11/2015,3813,,
1142,20/11/2015,3828.73,,
1143,21/11/2015,2609.927,,
1144,22/11/2015,458.023,,
1145,23/11/2015,2392.07,,
1146,24/11/2015,3842.76,,
1147,25/11/2015,3643.2,,
1148,26/11/2015,2211.71,,
1149,27/11/2015,3626.07,,
1150,28/11/2015,3937.36,,
1151,29/11/2015,3374.014,,
1152,30/11/2015,1913.256,,
1153,01/12/2015,2970.58,,
1154,02/12/2015,2315.065,,
1155,03/12/2015,1920.855,,
1156,04/12/2015,70.5,,
1157,05/12/2015,0,,
1158,06/12/2015,0,,
1159,07/12/2015,0,,
1160,08/12/2015,0,,
1161,09/12/2015,0,,
1162,10/12/2015,0,,
1163,11/12/2015,0,,
1164,12/12/2015,0,,
1165,13/12/2015,0,,
1166,14/12/2015,0,,
1167,15/12/2015,0,,
1168,16/12/2015,0,,
1169,17/12/2015,0,,
1170,18/12/2015,0,,
1171,19/12/2015,0,,
1172,20/12/2015,0,,
1173,21/12/2015,0,,
1174,22/12/2015,0,,
1175,23/12/2015,0,,
1176,24/12/2015,0,,
1177,25/12/2015,0,,
1178,26/12/2015,0,,
1179,27/12/2015,0,,
1180,28/12/2015,0,,
1181,29/12/2015,0,,
1182,30/12/2015,0,,
1183,31/12/2015,0,,
1184,01/01/2016,0,,
1185,02/01/2016,0,,
1186,03/01/2016,0,,
1187,04/01/2016,0,,
1188,05/01/2016,0,,
1189,06/01/2016,0,,
1190,07/01/2016,0,,
1191,08/01/2016,0,,
1192,09/01/2016,0,,
1193,10/01/2016,0,,
1194,11/01/2016,0,,
1195,12/01/2016,0,,
1196,13/01/2016,0,,
1197,14/01/2016,0,,
1198,15/01/2016,0,,
1199,16/01/2016,0,,
1200,17/01/2016,0,,
1201,18/01/2016,0,,
1202,19/01/2016,0,,
1203,20/01/2016,0,,
1204,21/01/2016,0,,
1205,22/01/2016,0,,
1206,23/01/2016,0,,
1207,24/01/2016,0,,
1208,25/01/2016,0,,
1209,26/01/2016,0,,
1210,27/01/2016,0,,
1211,28/01/2016,0,,
1212,29/01/2016,0,,
1213,30/01/2016,0,,
1214,31/01/2016,0,,
1215,01/02/2016,0,,
1216,02/02/2016,0,,
1217,03/02/2016,0,,
1218,04/02/2016,0,,
1219,05/02/2016,0,,
1220,06/02/2016,0,,
1221,07/02/2016,0,,
1222,08/02/2016,0,,
1223,09/02/2016,0,,
1224,10/02/2016,0,,
1225,11/02/2016,0,,
1226,12/02/2016,0,,
1227,13/02/2016,0,,
1228,14/02/2016,0,,
1229,15/02/2016,0,,
1230,16/02/2016,0,,
1231,17/02/2016,0,,
1232,18/02/2016,0,,
1233,19/02/2016,0,,
1234,20/02/2016,0,,
1235,21/02/2016,0,,
1236,22/02/2016,0,,
1237,23/02/2016,0,,
1238,24/02/2016,0,,
1239,25/02/2016,0,,
1240,26/02/2016,0,,
1241,27/02/2016,0,,
1242,28/02/2016,0,,
1243,29/02/2016,0,,
1244,01/03/2016,0,,
1245,02/03/2016,0,,
1246,03/03/2016,0,,
1247,04/03/2016,0,,
1248,05/03/2016,0,,
1249,06/03/2016,0,,
1250,07/03/2016,0,,
1251,08/03/2016,0,,
1252,09/03/2016,0,,
1253,10/03/2016,0,,
1254,11/03/2016,0,,
1255,12/03/2016,0,,
1256,13/03/2016,0,,
1257,14/03/2016,0,,
1258,15/03/2016,0,,
1259,16/03/2016,0,,
1260,17/03/2016,0,,
1261,18/03/2016,0,,
1262,19/03/2016,0,,
1263,20/03/2016,7.653,,
1264,21/03/2016,752.17,,
1265,22/03/2016,181.555,,
1266,23/03/2016,651.915,,
1267,24/03/2016,2125.49,,
1268,25/03/2016,2123.88,,
1269,26/03/2016,3927.74,,
1270,27/03/2016,3761.44,,
1271,28/03/2016,1759.266,,
1272,29/03/2016,1647.6,,
1273,30/03/2016,818.7,,
1274,31/03/2016,124.009,,
1275,01/04/2016,3259.46,,
1276,02/04/2016,1574.845,,
1277,03/04/2016,764.36,,
1278,04/04/2016,1625.41,,
1279,05/04/2016,3232.37,,
1280,06/04/2016,3804.86,,
1281,07/04/2016,3634.36,,
1282,08/04/2016,797.856,,
1283,09/04/2016,311.505,,
1284,10/04/2016,1869.573,,
1285,11/04/2016,3952.75,,
1286,12/04/2016,603.837,,
1287,13/04/2016,95.036,,
1288,14/04/2016,398.137,,
1289,15/04/2016,708.589,,
1290,16/04/2016,2027.12,,
1291,17/04/2016,1349.896,,
1292,18/04/2016,2865.83,,
1293,19/04/2016,246.021,,
1294,20/04/2016,214.635,,
1295,21/04/2016,778.75,,
1296,22/04/2016,1030.971,,
1297,23/04/2016,1638.1,,
1298,24/04/2016,1553.091,,
1299,25/04/2016,3283.52,,
1300,26/04/2016,3853.33,,
1301,27/04/2016,1071.26,,
1302,28/04/2016,2259.47,,
1303,29/04/2016,3650.231,,
1304,30/04/2016,1455.978,,
1305,01/05/2016,4115.52,,
1306,02/05/2016,3904.86,,
1307,03/05/2016,3917.34,,
1308,04/05/2016,3248.77,,
1309,05/05/2016,1311.699,,
1310,06/05/2016,482.276,,
1311,07/05/2016,2070.31,,
1312,08/05/2016,2287.38,,
1313,09/05/2016,3730.99,,
1314,10/05/2016,2874.95,,
1315,11/05/2016,3114.85,,
1316,12/05/2016,2616.35,,
1317,13/05/2016,1156.598,,
1318,14/05/2016,774.455,,
1319,15/05/2016,1061.757,,
1320,16/05/2016,1562.02,,
1321,17/05/2016,1369.101,,
1322,18/05/2016,2065.72,,
1323,19/05/2016,1985.177,,
1324,20/05/2016,2260.38,,
1325,21/05/2016,3003.48,,
1326,22/05/2016,998.26,,
1327,23/05/2016,1643.06,,
1328,24/05/2016,643.133,,
1329,25/05/2016,329.741,,
1330,26/05/2016,99.931,,
1331,27/05/2016,202.966,,
1332,28/05/2016,537.575,,
1333,29/05/2016,535.301,,
1334,30/05/2016,516.99,,
1335,31/05/2016,2776.55,,
1336,01/06/2016,523.315,,
1337,02/06/2016,130.373,,
1338,03/06/2016,555.275,,
1339,04/06/2016,180.952,,
1340,05/06/2016,192.558,,
1341,06/06/2016,308.535,,
1342,07/06/2016,209.338,,
1343,08/06/2016,91.335,,
1344,09/06/2016,363.76,,
1345,10/06/2016,0,,
1346,11/06/2016,20.855,,
1347,12/06/2016,27.225,,
1348,13/06/2016,96.117,,
1349,14/06/2016,545.897,,
1350,15/06/2016,97.396,,
1351,16/06/2016,339.899,,
1352,17/06/2016,789.628,,
1353,18/06/2016,473.172,,
1354,19/06/2016,2137.85,,
1355,20/06/2016,2462.14,,
1356,21/06/2016,1145.681,,
1357,22/06/2016,1520.089,,
1358,23/06/2016,532.801,,
1359,24/06/2016,757.549,,
1360,25/06/2016,1610.38,,
1361,26/06/2016,2487.52,,
1362,27/06/2016,3094.42,,
1363,28/06/2016,240.494,,
1364,29/06/2016,2180.83,,
1365,30/06/2016,1857.41,,
1366,01/07/2016,3391.01,,
1367,02/07/2016,3438.83,,
1368,03/07/2016,1361.61,,
1369,04/07/2016,1612.837,,
1370,05/07/2016,2812.35,,
1371,06/07/2016,1401.473,,
1372,07/07/2016,1526.482,,
1373,08/07/2016,3240.56,,
1374,09/07/2016,3935.92,,
1375,10/07/2016,4178.76,,
1376,11/07/2016,2389.89,,
1377,12/07/2016,767.44,,
1378,13/07/2016,1794.77,,
1379,14/07/2016,1165.93,,
1380,15/07/2016,3462.97,,
1381,16/07/2016,1495.243,,
1382,17/07/2016,1619.7,,
1383,18/07/2016,587.969,,
1384,19/07/2016,849.56,,
1385,20/07/2016,886.109,,
1386,21/07/2016,742.083,,
1387,22/07/2016,369.411,,
1388,23/07/2016,285.157,,
1389,24/07/2016,917,,
1390,25/07/2016,2003.77,,
1391,26/07/2016,1273.32,,
1392,27/07/2016,2087.38,,
1393,28/07/2016,,,
1394,29/07/2016,1904.81,,
1395,30/07/2016,1550.09,,
1396,31/07/2016,1381.5,,
1397,01/08/2016,333.052,,
1398,02/08/2016,1854.68,,
1399,03/08/2016,3895.04,,
1400,04/08/2016,2876.53,,
1401,05/08/2016,898.305,,
1402,06/08/2016,1380.172,,
1403,07/08/2016,1370.694,,
1404,08/08/2016,0,,
1405,09/08/2016,0,,
1406,10/08/2016,0,,
1407,11/08/2016,0,,
1408,12/08/2016,0,,
1409,13/08/2016,0,,
1410,14/08/2016,41.86,,
1411,15/08/2016,301.991,,
1412,16/08/2016,1166.621,,
1413,17/08/2016,1317.44,,
1414,18/08/2016,1260.54,,
1415,19/08/2016,3204.93,,
1416,20/08/2016,3861.19,,
1417,21/08/2016,2562.96,,
1418,22/08/2016,2438.149,,
1419,23/08/2016,225.384,,
1420,24/08/2016,368.91,,
1421,25/08/2016,0,,
1422,26/08/2016,1915.94,,
1423,27/08/2016,732.345,,
1424,28/08/2016,870.835,,
1425,29/08/2016,734.82,,
1426,30/08/2016,1983.14,,
1427,31/08/2016,2625.12,,
1428,01/09/2016,2173.01,,
1429,02/09/2016,2827.53,,
1430,03/09/2016,1990.94,,
1431,04/09/2016,1422.32,,
1432,05/09/2016,1719.59,,
1433,06/09/2016,2746.88,,
1434,07/09/2016,1116.296,,
1435,08/09/2016,3545.53,,
1436,09/09/2016,3851.86,,
1437,10/09/2016,990.623,,
1438,11/09/2016,2698.41,,
1439,12/09/2016,3652.11,,
1440,13/09/2016,1580.787,,
1441,14/09/2016,931.653,,
1442,15/09/2016,159.917,,
1443,16/09/2016,3521.51,,
1444,17/09/2016,840.722,,
1445,18/09/2016,815.005,,
1446,19/09/2016,1568.84,,
1447,20/09/2016,104.624,,
1448,21/09/2016,1186.37,,
1449,22/09/2016,1914.81,,
1450,23/09/2016,2860.48,,
1451,24/09/2016,4090.1,,
1452,25/09/2016,3682.25,,
1453,26/09/2016,1182.74,,
1454,27/09/2016,3663.92,,
1455,28/09/2016,4015.89,,
1456,29/09/2016,4059.6,,
1457,30/09/2016,2383.844,,
1458,01/10/2016,503.102,,
1459,02/10/2016,261.183,,
1460,03/10/2016,2608.31,,
1461,04/10/2016,3247.18,,
1462,05/10/2016,3934.77,,
1463,06/10/2016,2714.22,,
1464,07/10/2016,1843.95,,
1465,08/10/2016,531.16,,
1466,09/10/2016,322.947,,
1467,10/10/2016,543.997,,
1468,11/10/2016,1693.08,,
1469,12/10/2016,2502.55,,
1470,13/10/2016,2171.24,,
1471,14/10/2016,2267.68,,
1472,15/10/2016,1523.54,,
1473,16/10/2016,3770.75,,
1474,17/10/2016,3947.7,,
1475,18/10/2016,4037.02,,
1476,19/10/2016,2003.28,,
1477,20/10/2016,199.623,,
1478,21/10/2016,40.83,,
1479,22/10/2016,1029.05,,
1480,23/10/2016,2514.13,,
1481,24/10/2016,1445.66,,
1482,25/10/2016,931.27,,
1483,26/10/2016,3128.81,,
1484,27/10/2016,3488.08,,
1485,28/10/2016,888.569,,
1486,29/10/2016,261.266,,
1487,30/10/2016,154.1,,
1488,31/10/2016,463.561,,
1489,01/11/2016,1449.67,,
1490,02/11/2016,1196.411,,
1491,03/11/2016,2236.71,,
1492,04/11/2016,2942.25,,
1493,05/11/2016,4057.82,,
1494,06/11/2016,3978.77,,
1495,07/11/2016,2081.05,,
1496,08/11/2016,1596.711,,
1497,09/11/2016,756.528,,
1498,10/11/2016,3520.93,,
1499,11/11/2016,2237.387,,
1500,12/11/2016,2478.35,,
1501,13/11/2016,1315.503,,
1502,14/11/2016,3466.51,,
1503,15/11/2016,2124.226,,
1504,16/11/2016,4160.56,,
1505,17/11/2016,3875.48,,
1506,18/11/2016,3794.29,,
1507,19/11/2016,2377.96,,
1508,20/11/2016,812.238,,
1509,21/11/2016,3221.4,,
1510,22/11/2016,3994.33,,
1511,23/11/2016,701.553,,
1512,24/11/2016,958.01,,
1513,25/11/2016,334.856,,
1514,26/11/2016,0,,
1515,27/11/2016,857.634,,
1516,28/11/2016,1003.47,,
1517,29/11/2016,543.437,,
1518,30/11/2016,1583.48,,
1519,01/12/2016,1760.24,,
1520,02/12/2016,85.961,,
1521,03/12/2016,938.61,,
1522,04/12/2016,2979.75,,
1523,05/12/2016,2320.59,,
1524,06/12/2016,1758.44,,
1525,07/12/2016,4029.04,,
1526,08/12/2016,1363.057,,
1527,09/12/2016,3755.69,,
1528,10/12/2016,2749.4,,
1529,11/12/2016,2907.2,,
1530,12/12/2016,588.95,,
1531,13/12/2016,1270.68,,
1532,14/12/2016,3200.98,,
1533,15/12/2016,3593.88,,
1534,16/12/2016,1497.78,,
1535,17/12/2016,610.273,,
1536,18/12/2016,1291.22,,
1537,19/12/2016,382.714,,
1538,20/12/2016,3022.967,,
1539,21/12/2016,3844.61,,
1540,22/12/2016,4116.11,,
1541,23/12/2016,3938.26,,
1542,24/12/2016,4049.91,,
1543,25/12/2016,4126.32,,
1544,26/12/2016,4032.51,,
1545,27/12/2016,1242.93,,
1546,28/12/2016,510.36,,
1547,29/12/2016,2130.76,,
1548,30/12/2016,4142.89,,
1549,31/12/2016,3954.61,,
1550,01/01/2017,3771.05,,
1551,02/01/2017,1713.091,,
1552,03/01/2017,3923.69,,
1553,04/01/2017,2084.81,,
1554,05/01/2017,1148.61,,
1555,06/01/2017,2382.81,,
1556,07/01/2017,332.257,,
1557,08/01/2017,826.396,,
1558,09/01/2017,4251.52,,
1559,10/01/2017,4096.45,,
1560,11/01/2017,4240.42,,
1561,12/01/2017,4169.87,,
1562,13/01/2017,3492.539,,
1563,14/01/2017,3066.28,,
1564,15/01/2017,3850.76,,
1565,16/01/2017,2353.849,,
1566,17/01/2017,283.472,,
1567,18/01/2017,356.393,,
1568,19/01/2017,85.196,,
1569,20/01/2017,492.48,,
1570,21/01/2017,1571.89,,
1571,22/01/2017,393.977,,
1572,23/01/2017,567.534,,
1573,24/01/2017,2876.63,,
1574,25/01/2017,2620.69,,
1575,26/01/2017,4218.8,,
1576,27/01/2017,3681.85,,
1577,28/01/2017,1535.142,,
1578,29/01/2017,867.193,,
1579,30/01/2017,2733.71,,
1580,31/01/2017,3055.324,,
1581,01/02/2017,2457.6,,
1582,02/02/2017,4198.33,,
1583,03/02/2017,3830.2,,
1584,04/02/2017,2652.18,,
1585,05/02/2017,520.278,,
1586,06/02/2017,2688.44,,
1587,07/02/2017,2026.52,,
1588,08/02/2017,1004.752,,
1589,09/02/2017,2323.46,,
1590,10/02/2017,1569.66,,
1591,11/02/2017,3511.35,,
1592,12/02/2017,4218.81,,
1593,13/02/2017,4253.72,,
1594,14/02/2017,3186.93,,
1595,15/02/2017,14.4,,
1596,16/02/2017,0,,
1597,17/02/2017,0,,
1598,18/02/2017,0,,
1599,19/02/2017,0,,
1600,20/02/2017,0,,
1601,21/02/2017,0,,
1602,22/02/2017,0,,
1603,23/02/2017,3531.094,,
1604,24/02/2017,2825.12,,
1605,25/02/2017,3454.743,,
1606,26/02/2017,3525.26,,
1607,27/02/2017,1269.76,,
1608,28/02/2017,1651.294,,
1609,01/03/2017,1704.348,,
1610,02/03/2017,3481.064,,
1611,03/03/2017,3128.27,,
1612,04/03/2017,1670,,
1613,05/03/2017,1361.647,,
1614,06/03/2017,911.017,,
1615,07/03/2017,1383.706,,
1616,08/03/2017,3193.6,,
1617,09/03/2017,2119.276,,
1618,10/03/2017,1081.56,,
1619,11/03/2017,477.512,,
1620,12/03/2017,1394.145,,
1621,13/03/2017,2468.16,,
1622,14/03/2017,3621.16,,
1623,15/03/2017,1205.36,,
1624,16/03/2017,3640.91,,
1625,17/03/2017,4290.01,,
1626,18/03/2017,3841.75,,
1627,19/03/2017,3001.49,,
1628,20/03/2017,3736.42,,
1629,21/03/2017,3404.12,,
1630,22/03/2017,3482.07,,
1631,23/03/2017,2981.3,,
1632,24/03/2017,964.127,,
1633,25/03/2017,270.491,,
1634,26/03/2017,888.166,,
1635,27/03/2017,1115.145,,
1636,28/03/2017,1447.02,,
1637,29/03/2017,2466.3,,
1638,30/03/2017,3585.93,,
1639,31/03/2017,3277.71,,
1640,01/04/2017,968.564,,
1641,02/04/2017,1057.57,,
1642,03/04/2017,2296.36,,
1643,04/04/2017,2736.29,,
1644,05/04/2017,2828.19,,
1645,06/04/2017,1172.61,,
1646,07/04/2017,259.439,,
1647,08/04/2017,35.3,,
1648,09/04/2017,1959.489,,
1649,10/04/2017,3158.02,,
1650,11/04/2017,3150.41,,
1651,12/04/2017,3930.29,,
1652,13/04/2017,2060.03,,
1653,14/04/2017,1545.67,,
1654,15/04/2017,3610.33,,
1655,16/04/2017,2571.45,,
1656,17/04/2017,546.465,,
1657,18/04/2017,696.75,,
1658,19/04/2017,486.284,,
1659,20/04/2017,617.355,,
1660,21/04/2017,2140.73,,
1661,22/04/2017,1350.093,,
1662,23/04/2017,1144.65,,
1663,24/04/2017,3351.01,,
1664,25/04/2017,3808.11,,
1665,26/04/2017,1837.43,,
1666,27/04/2017,3191.64,,
1667,28/04/2017,510.776,,
1668,29/04/2017,1391.91,,
1669,30/04/2017,4231.48,,
1670,01/05/2017,1709.436,,
1671,02/05/2017,877.232,,
1672,03/05/2017,2610.83,,
1673,04/05/2017,3199.82,,
1674,05/05/2017,3541.72,,
1675,06/05/2017,2026.04,,
1676,07/05/2017,161.775,,
1677,08/05/2017,361.842,,
1678,09/05/2017,239.39,,
1679,10/05/2017,5.37,,
1680,11/05/2017,1338.02,,
1681,12/05/2017,1210.52,,
1682,13/05/2017,2517.05,,
1683,14/05/2017,2043.68,,
1684,15/05/2017,4032.49,,
1685,16/05/2017,4173.84,,
1686,17/05/2017,419.697,,
1687,18/05/2017,260.891,,
1688,19/05/2017,38.659,,
1689,20/05/2017,1440.615,,
1690,21/05/2017,1648.538,,
1691,22/05/2017,176.79,,
1692,23/05/2017,0,,
1693,24/05/2017,0,,
1694,25/05/2017,151.486,,
1695,26/05/2017,1681.58,,
1696,27/05/2017,1549.102,,
1697,28/05/2017,1471.472,,
1698,29/05/2017,1800.755,,
1699,30/05/2017,1333.05,,
1700,31/05/2017,162.906,,
1701,01/06/2017,1956.7,,
1702,02/06/2017,220.137,,
1703,03/06/2017,1075.03,,
1704,04/06/2017,1716.66,,
1705,05/06/2017,2954.535,,
1706,06/06/2017,4164.58,,
1707,07/06/2017,3672.58,,
1708,08/06/2017,3330.05,,
1709,09/06/2017,2489.18,,
1710,10/06/2017,3735.01,,
1711,11/06/2017,4251.23,,
1712,12/06/2017,3770.44,,
1713,13/06/2017,1412.36,,
1714,14/06/2017,1002.857,,
1715,15/06/2017,3991.28,,
1716,16/06/2017,3538.86,,
1717,17/06/2017,1861.593,,
1718,18/06/2017,167.724,,
1719,19/06/2017,820.215,,
1720,20/06/2017,1139.075,,
1721,21/06/2017,2323.13,,
1722,22/06/2017,1613.32,,
1723,23/06/2017,3408.85,,
1724,24/06/2017,2467.25,,
1725,25/06/2017,1242.06,,
1726,26/06/2017,161.621,,
1727,27/06/2017,2582.14,,
1728,28/06/2017,2375.19,,
1729,29/06/2017,4093.52,,
1730,30/06/2017,3941.21,,
1731,01/07/2017,2513.55,,
1732,02/07/2017,2455.3,,
1733,03/07/2017,1301.963,,
1734,04/07/2017,2376.9,,
1735,05/07/2017,2.014,,
1736,06/07/2017,214.223,,
1737,07/07/2017,1467.34,,
1738,08/07/2017,308.019,,
1739,09/07/2017,1230.721,,
1740,10/07/2017,556.23,,
1741,11/07/2017,256.635,,
1742,12/07/2017,330.368,,
1743,13/07/2017,1722.011,,
1744,14/07/2017,2443.94,,
1745,15/07/2017,3453.95,,
1746,16/07/2017,835.67,,
1747,17/07/2017,535.383,,
1748,18/07/2017,1779.59,,
1749,19/07/2017,2684.372,,
1750,20/07/2017,2381.24,,
1751,21/07/2017,2941.63,,
1752,22/07/2017,166.861,,
1753,23/07/2017,1102.386,,
1754,24/07/2017,1878.88,,
1755,25/07/2017,93.961,,
1756,26/07/2017,2898.66,,
1757,27/07/2017,3922.85,,
1758,28/07/2017,3187.38,,
1759,29/07/2017,3506.17,,
1760,30/07/2017,3086.51,,
1761,31/07/2017,3792.71,,
1762,01/08/2017,2380.93,,
1763,02/08/2017,3108.38,,
1764,03/08/2017,4162.94,,
1765,04/08/2017,2527.83,,
1766,05/08/2017,1247.74,,
1767,06/08/2017,2700.07,,
1768,07/08/2017,2123.013,,
1769,08/08/2017,462.858,,
1770,09/08/2017,3387.98,,
1771,10/08/2017,1105.22,,
1772,11/08/2017,3325.9,,
1773,12/08/2017,2721.12,,
1774,13/08/2017,300.549,,
1775,14/08/2017,1816.34,,
1776,15/08/2017,2169.18,,
1777,16/08/2017,3542.27,,
1778,17/08/2017,2383.13,,
1779,18/08/2017,4264.59,,
1780,19/08/2017,4208.93,,
1781,20/08/2017,657.92,,
1782,21/08/2017,813.03,,
1783,22/08/2017,988.608,,
1784,23/08/2017,2140.34,,
1785,24/08/2017,2194.44,,
1786,25/08/2017,1749.12,,
1787,26/08/2017,618.646,,
1788,27/08/2017,562.622,,
1789,28/08/2017,3546.28,,
1790,29/08/2017,1219.64,,
1791,30/08/2017,676.6,,
1792,31/08/2017,217.563,,
1793,01/09/2017,958.17,,
1794,02/09/2017,371.333,,
1795,03/09/2017,3760.67,,
1796,04/09/2017,2149.74,,
1797,05/09/2017,1463.268,,
1798,06/09/2017,3265.48,,
1799,07/09/2017,3335.46,,
1800,08/09/2017,3850.65,,
1801,09/09/2017,2906.06,,
1802,10/09/2017,694.87,,
1803,11/09/2017,0,,
1804,12/09/2017,0,,
1805,13/09/2017,0,,
1806,14/09/2017,0,,
1807,15/09/2017,0,,
1808,16/09/2017,508.845,,
1809,17/09/2017,791.556,,
1810,18/09/2017,32.082,,
1811,19/09/2017,546.346,,
1812,20/09/2017,2922.79,,
1813,21/09/2017,2118.73,,
1814,22/09/2017,3255.46,,
1815,23/09/2017,2690.6,,
1816,24/09/2017,1974.26,,
1817,25/09/2017,9.893,,
1818,26/09/2017,776.48,,
1819,27/09/2017,3739.28,,
1820,28/09/2017,1040.5,,
1821,29/09/2017,3953.28,,
1822,30/09/2017,1295.704,,
1823,01/10/2017,3075.69,,
1824,02/10/2017,4336.2,,
1825,03/10/2017,4282.1,,
1826,04/10/2017,4339.47,,
1827,05/10/2017,4326.5,,
1828,06/10/2017,2615.55,,
1829,07/10/2017,3916,,
1830,08/10/2017,786.659,,
1831,09/10/2017,1607.88,,
1832,10/10/2017,3652.18,,
1833,11/10/2017,4314.29,,
1834,12/10/2017,4169.97,,
1835,13/10/2017,3996.34,,
1836,14/10/2017,2625.51,,
1837,15/10/2017,3036.17,,
1838,16/10/2017,2141.926,,
1839,17/10/2017,3032.969,,
1840,18/10/2017,1080.575,,
1841,19/10/2017,2708.58,,
1842,20/10/2017,2455.43,,
1843,21/10/2017,4274.52,,
1844,22/10/2017,3782.62,,
1845,23/10/2017,2190.91,,
1846,24/10/2017,2575.2,,
1847,25/10/2017,3188.615,,
1848,26/10/2017,1041.029,,
1849,27/10/2017,1054.967,,
1850,28/10/2017,4003.1,,
1851,29/10/2017,1825.806,,
1852,30/10/2017,1167.71,,
1853,31/10/2017,3930.42,,
1854,01/11/2017,2438.8,,
1855,02/11/2017,600.211,,
1856,03/11/2017,1031.017,,
1857,04/11/2017,2910.277,,
1858,05/11/2017,2720.314,,
1859,06/11/2017,2855.02,,
1860,07/11/2017,2739.09,,
1861,08/11/2017,1523.47,,
1862,09/11/2017,3435.08,,
1863,10/11/2017,4121.31,,
1864,11/11/2017,738.91,,
1865,12/11/2017,4051.28,,
1866,13/11/2017,1965.916,,
1867,14/11/2017,2444.72,,
1868,15/11/2017,469.854,,
1869,16/11/2017,3549.26,,
1870,17/11/2017,3197.54,,
1871,18/11/2017,3631.26,,
1872,19/11/2017,1041.28,,
1873,20/11/2017,3705.032,,
1874,21/11/2017,3860.47,,
1875,22/11/2017,2032.617,,
1876,23/11/2017,3796.24,,
1877,24/11/2017,2432.72,,
1878,25/11/2017,4139.49,,
1879,26/11/2017,4171.17,,
1880,27/11/2017,4064.08,,
1881,28/11/2017,4030.83,,
1882,29/11/2017,3805.74,,
1883,30/11/2017,4250.35,,
1884,01/12/2017,2502.909,,
1885,02/12/2017,1979.45,,
1886,03/12/2017,2898.88,,
1887,04/12/2017,2154.41,,
1888,05/12/2017,3225.04,,
1889,06/12/2017,4211.32,,
1890,07/12/2017,4312.95,,
1891,08/12/2017,4307.57,,
1892,09/12/2017,1855.618,,
1893,10/12/2017,1436.847,,
1894,11/12/2017,1112.516,,
1895,12/12/2017,2181.598,,
1896,13/12/2017,4251.15,,
1897,14/12/2017,4042.22,,
1898,15/12/2017,3911.76,,
1899,16/12/2017,1207.79,,
1900,17/12/2017,2708.23,,
1901,18/12/2017,630.971,,
1902,19/12/2017,1888.62,,
1903,20/12/2017,1842.118,,
1904,21/12/2017,1861.739,,
1905,22/12/2017,501.244,,
1906,23/12/2017,3726.53,,
1907,24/12/2017,4096.22,,
1908,25/12/2017,3270.23,,
1909,26/12/2017,2114.514,,
1910,27/12/2017,3991.89,,
1911,28/12/2017,2430.084,,
1912,29/12/2017,3827.82,,
1913,30/12/2017,2086.881,,
1914,31/12/2017,3995.22,,
1915,01/01/2018,3971.65,,
1916,02/01/2018,3430.65,,
1917,03/01/2018,3863.034,,
1918,04/01/2018,3075.5,,
1919,05/01/2018,313.97,,
1920,06/01/2018,2426.79,,
1921,07/01/2018,1515.51,,
1922,08/01/2018,3943.99,,
1923,09/01/2018,4133.61,,
1924,10/01/2018,614.027,,
1925,11/01/2018,148.527,,
1926,12/01/2018,2374.27,,
1927,13/01/2018,4255.39,,
1928,14/01/2018,4197.87,,
1929,15/01/2018,4150.54,,
1930,16/01/2018,4320.61,,
1931,17/01/2018,4082.26,,
1932,18/01/2018,3453.53,,
1933,19/01/2018,4195.59,,
1934,20/01/2018,759.337,,
1935,21/01/2018,2524.957,,
1936,22/01/2018,4016.2,,
1937,23/01/2018,4097.04,,
1938,24/01/2018,4015.176,,
1939,25/01/2018,2590.047,,
1940,26/01/2018,1086.028,,
1941,27/01/2018,4213.83,,
1942,28/01/2018,4258.37,,
1943,29/01/2018,3520.28,,
1944,30/01/2018,2994.87,,
1945,31/01/2018,4313.73,,
1946,01/02/2018,4336.94,,
1947,02/02/2018,1777.553,,
1948,03/02/2018,1166.78,,
1949,04/02/2018,262.979,,
1950,05/02/2018,107.64,,
1951,06/02/2018,2485.248,,
1952,07/02/2018,1818.74,,
1953,08/02/2018,2588.83,,
1954,09/02/2018,3039.58,,
1955,10/02/2018,3617.487,,
1956,11/02/2018,4246.89,,
1957,12/02/2018,4253.64,,
1958,13/02/2018,2624.065,,
1959,14/02/2018,3680.49,,
1960,15/02/2018,4066.55,,
1961,16/02/2018,3442.77,,
1962,17/02/2018,1591.74,,
1963,18/02/2018,626.89,,
1964,19/02/2018,2070.588,,
1965,20/02/2018,3255.64,,
1966,21/02/2018,106.496,,
1967,22/02/2018,1453.82,,
1968,23/02/2018,3246.58,,
1969,24/02/2018,3815.49,,
1970,25/02/2018,3958.83,,
1971,26/02/2018,2530.53,,
1972,27/02/2018,2861.23,,
1973,28/02/2018,4033.58,,
1974,01/03/2018,4210.04,,
1975,02/03/2018,4124.86,,
1976,03/03/2018,4129.81,,
1977,04/03/2018,3506.46,,
1978,05/03/2018,1409.58,,
1979,06/03/2018,361.914,,
1980,07/03/2018,1960.1,,
1981,08/03/2018,576.624,,
1982,09/03/2018,829.615,,
1983,10/03/2018,3585.8,,
1984,11/03/2018,1095.051,,
1985,12/03/2018,1274.249,,
1986,13/03/2018,367.236,,
1987,14/03/2018,3986.41,,
1988,15/03/2018,3924.78,,
1989,16/03/2018,3673.59,,
1990,17/03/2018,4161.36,,
1991,18/03/2018,4166.15,,
1992,19/03/2018,3023.39,,
1993,20/03/2018,656.55,,
1994,21/03/2018,2192.24,,
1995,22/03/2018,3220.91,,
1996,23/03/2018,2821.399,,
1997,24/03/2018,214.927,,
1998,25/03/2018,237.36,,
1999,26/03/2018,278.428,,
2000,27/03/2018,2324.04,,
2001,28/03/2018,885.49,,
2002,29/03/2018,1534.119,,
2003,30/03/2018,1932.32,,
2004,31/03/2018,2673.44,,
2005,01/04/2018,1514.455,,
2006,02/04/2018,7347.81,,
2007,03/04/2018,2358.43,,
2008,04/04/2018,4345.912,,
2009,05/04/2018,2590.706,,
2010,06/04/2018,3864.68,,
2011,07/04/2018,625.338,,
2012,08/04/2018,67.748,,
2013,09/04/2018,852.906,,
2014,10/04/2018,2904.11,,
2015,11/04/2018,788.816,,
2016,12/04/2018,1206.01,,
2017,13/04/2018,170.909,,
2018,14/04/2018,655.21,,
2019,15/04/2018,2495.52,,
2020,16/04/2018,3218.7,,
2021,17/04/2018,4322.47,,
2022,18/04/2018,3203.41,,
2023,19/04/2018,629.508,,
2024,20/04/2018,294.726,,
2025,21/04/2018,172.985,,
2026,22/04/2018,2420.46,,
2027,23/04/2018,3945.52,,
2028,24/04/2018,1956.268,,
2029,25/04/2018,3427.87,,
2030,26/04/2018,3237.08,,
2031,27/04/2018,17.949,,
2032,28/04/2018,221.866,,
2033,29/04/2018,623.722,,
2034,30/04/2018,2121.17,,
2035,01/05/2018,3012.17,,
2036,02/05/2018,2566.9,,
2037,03/05/2018,2092.55,,
2038,04/05/2018,935.243,,
2039,05/05/2018,30.412,,
2040,06/05/2018,24.379,,
2041,07/05/2018,78.619,,
2042,08/05/2018,988.535,,
2043,09/05/2018,100.613,,
2044,10/05/2018,0,,
2045,11/05/2018,0,,
2046,12/05/2018,0,,
2047,13/05/2018,0,,
2048,14/05/2018,0,,
2049,15/05/2018,0,,
2050,16/05/2018,0,,
2051,17/05/2018,0,,
2052,18/05/2018,0,,
2053,19/05/2018,0,,
2054,20/05/2018,0,,
2055,21/05/2018,0,,
2056,22/05/2018,0,,
2057,23/05/2018,0,,
2058,24/05/2018,0,,
2059,25/05/2018,0,,
2060,26/05/2018,0,,
2061,27/05/2018,0,,
2062,28/05/2018,0,,
2063,29/05/2018,0,,
2064,30/05/2018,0,,
2065,31/05/2018,0,,
2066,01/06/2018,0,,
2067,02/06/2018,0,,
2068,03/06/2018,0,,
2069,04/06/2018,0,,
2070,05/06/2018,0,,
2071,06/06/2018,0,,
2072,07/06/2018,0,,
2073,08/06/2018,0,,
2074,09/06/2018,0,,
2075,10/06/2018,297.15,,
2076,11/06/2018,2126.65,,
2077,12/06/2018,,,
2078,13/06/2018,1815.379,,
2079,14/06/2018,3834.71,,
2080,15/06/2018,2044.64,,
2081,16/06/2018,2471.57,,
2082,17/06/2018,1857.64,,
2083,18/06/2018,2887.26,,
2084,19/06/2018,1439.808,,
2085,20/06/2018,3691.37,,
2086,21/06/2018,4272.46,,
2087,22/06/2018,1508.86,,
2088,23/06/2018,732.49,,
2089,24/06/2018,19.422,,
2090,25/06/2018,84.78,,
2091,26/06/2018,243.755,,
2092,27/06/2018,419.238,,
2093,28/06/2018,192.899,,
2094,29/06/2018,434.422,,
2095,30/06/2018,1490.717,,
2096,01/07/2018,1486.935,,
2097,02/07/2018,718.221,,
2098,03/07/2018,817.809,,
2099,04/07/2018,403.207,,
2100,05/07/2018,1089.812,,
2101,06/07/2018,93.583,,
2102,07/07/2018,4.341,,
2103,08/07/2018,250.661,,
2104,09/07/2018,1632.34,,
2105,10/07/2018,368.538,,
2106,11/07/2018,723.384,,
2107,12/07/2018,219.525,,
2108,13/07/2018,173.012,,
2109,14/07/2018,246.488,,
2110,15/07/2018,1761.48,,
2111,16/07/2018,530.604,,
2112,17/07/2018,291.511,,
2113,18/07/2018,96.113,,
2114,19/07/2018,28.751,,
2115,20/07/2018,495.992,,
2116,21/07/2018,280.686,,
2117,22/07/2018,343.689,,
2118,23/07/2018,865.979,,
2119,24/07/2018,596.99,,
2120,25/07/2018,54.274,,
2121,26/07/2018,59.641,,
2122,27/07/2018,246.323,,
2123,28/07/2018,2267.061,,
2124,29/07/2018,1517.42,,
2125,30/07/2018,1965.381,,
2126,31/07/2018,3509.49,,
2127,01/08/2018,2330.892,,
2128,02/08/2018,2255.35,,
2129,03/08/2018,822.711,,
2130,04/08/2018,453.085,,
2131,05/08/2018,1.62,,
2132,06/08/2018,1065.989,,
2133,07/08/2018,583.065,,
2134,08/08/2018,1271.19,,
2135,09/08/2018,484.54,,
2136,10/08/2018,1191.71,,
2137,11/08/2018,1053.266,,
2138,12/08/2018,781.78,,
2139,13/08/2018,1362.947,,
2140,14/08/2018,1882.19,,
2141,15/08/2018,3855.72,,
2142,16/08/2018,3125.76,,
2143,17/08/2018,3406.26,,
2144,18/08/2018,3665.8,,
2145,19/08/2018,2496.312,,
2146,20/08/2018,5.272,,
2147,21/08/2018,720.283,,
2148,22/08/2018,2632.78,,
2149,23/08/2018,2315.951,,
2150,24/08/2018,3895.42,,
2151,25/08/2018,1950.06,,
2152,26/08/2018,2662.59,,
2153,27/08/2018,3144.49,,
2154,28/08/2018,1112.066,,
2155,29/08/2018,1309.98,,
2156,30/08/2018,117.13,,
2157,31/08/2018,679.71,,
2158,01/09/2018,83.561,,
2159,02/09/2018,574.99,,
2160,03/09/2018,2626.021,,
2161,04/09/2018,820.99,,
2162,05/09/2018,505.23,,
2163,06/09/2018,1787.681,,
2164,07/09/2018,2755,,
2165,08/09/2018,1518.49,,
2166,09/09/2018,4184.11,,
2167,10/09/2018,4228.96,,
2168,11/09/2018,3867.26,,
2169,12/09/2018,2516.66,,
2170,13/09/2018,3858.28,,
2171,14/09/2018,3849.9,,
2172,15/09/2018,1378.566,,
2173,16/09/2018,2700.1,,
2174,17/09/2018,1797.62,,
2175,18/09/2018,4082.92,,
2176,19/09/2018,3348.311,,
2177,20/09/2018,2344.713,,
2178,21/09/2018,4101.56,,
2179,22/09/2018,1712.977,,
2180,23/09/2018,2733.93,,
2181,24/09/2018,1545.87,,
2182,25/09/2018,2858.96,,
2183,26/09/2018,3610.17,,
2184,27/09/2018,3205.3,,
2185,28/09/2018,626.252,,
2186,29/09/2018,1693.444,,
2187,30/09/2018,3803.65,,
2188,01/10/2018,2598.95,,
2189,02/10/2018,3671.58,,
2190,03/10/2018,2146.614,,
2191,04/10/2018,3579.03,,
2192,05/10/2018,2080.44,,
2193,06/10/2018,2140.48,,
2194,07/10/2018,2767.906,,
2195,08/10/2018,4332,,
2196,09/10/2018,4068.08,,
2197,10/10/2018,2363.09,,
2198,11/10/2018,2637.762,,
2199,12/10/2018,3500.01,,
2200,13/10/2018,2088.68,,
2201,14/10/2018,695.127,,
2202,15/10/2018,314.285,,
2203,16/10/2018,2506.97,,
2204,17/10/2018,1260.29,,
2205,18/10/2018,92.384,,
2206,19/10/2018,1098.8,,
2207,20/10/2018,2157.55,,
2208,21/10/2018,3692.34,,
2209,22/10/2018,2958.49,,
2210,23/10/2018,3582.8,,
2211,24/10/2018,2572.12,,
2212,25/10/2018,2330.43,,
2213,26/10/2018,4131.23,,
2214,27/10/2018,4102.56,,
2215,28/10/2018,1709.99,,
2216,29/10/2018,1189.1,,
2217,30/10/2018,296.03,,
2218,31/10/2018,2355.875,,
2219,01/11/2018,1400.74,,
2220,02/11/2018,2114.11,,
2221,03/11/2018,4282.89,,
2222,04/11/2018,2073.95,,
2223,05/11/2018,2127.88,,
2224,06/11/2018,4016.67,,
2225,07/11/2018,3317.13,,
2226,08/11/2018,3573.16,,
2227,09/11/2018,4330.21,,
2228,10/11/2018,2612.59,,
2229,11/11/2018,3075.39,,
2230,12/11/2018,3810.412,,
2231,13/11/2018,3898.15,,
2232,14/11/2018,3629.11,,
2233,15/11/2018,1963.061,,
2234,16/11/2018,1342.15,,
2235,17/11/2018,3394.33,,
2236,18/11/2018,2256.12,,
2237,19/11/2018,3114.51,,
2238,20/11/2018,3814.41,,
2239,21/11/2018,3830.75,,
2240,22/11/2018,1668.97,,
2241,23/11/2018,1805.31,,
2242,24/11/2018,2070.48,,
2243,25/11/2018,2223.37,,
2244,26/11/2018,999.424,,
2245,27/11/2018,3169.25,,
2246,28/11/2018,3733.82,,
2247,29/11/2018,4185.08,,
2248,30/11/2018,4284.09,,
2249,01/12/2018,1629.92,,
2250,02/12/2018,2706.119,,
2251,03/12/2018,1612.53,,
2252,04/12/2018,470.829,,
2253,05/12/2018,2192.519,,
2254,06/12/2018,2733.385,,
2255,07/12/2018,4232.36,,
2256,08/12/2018,4193.06,,
2257,09/12/2018,3369.62,,
2258,10/12/2018,869.543,,
2259,11/12/2018,2141.39,,
2260,12/12/2018,4186.46,,
2261,13/12/2018,4315.18,,
2262,14/12/2018,4311.76,,
2263,15/12/2018,3926.567,,
2264,16/12/2018,2297.74,,
2265,17/12/2018,2590.85,,
2266,18/12/2018,3473.46,,
2267,19/12/2018,3310.82,,
2268,20/12/2018,3586.49,,
2269,21/12/2018,1254.597,,
2270,22/12/2018,3264.44,,
2271,23/12/2018,309.327,,
2272,24/12/2018,679.65,,
2273,25/12/2018,615.87,,
2274,26/12/2018,1233.69,,
2275,27/12/2018,166.887,,
2276,28/12/2018,1760.53,,
2277,29/12/2018,2716.81,,
2278,30/12/2018,1643.65,,
2279,31/12/2018,3193.34,,
2280,01/01/2019,2213.47,,
2281,02/01/2019,202.908,,
2282,03/01/2019,505.88,,
2283,04/01/2019,324.891,,
2284,05/01/2019,691.691,,
2285,06/01/2019,868.588,,
2286,07/01/2019,4220.18,,
2287,08/01/2019,3830.61,,
2288,09/01/2019,388.066,,
2289,10/01/2019,1119.83,,
2290,11/01/2019,1843.83,,
2291,12/01/2019,4296.34,,
2292,13/01/2019,4304.28,,
2293,14/01/2019,3079.82,,
2294,15/01/2019,4123.02,,
2295,16/01/2019,3567.71,,
2296,17/01/2019,2476.05,,
2297,18/01/2019,3655.83,,
2298,19/01/2019,1490.05,,
2299,20/01/2019,697.299,,
2300,21/01/2019,2073.308,,
2301,22/01/2019,2077.448,,
2302,23/01/2019,306.533,,
2303,24/01/2019,36.831,,
2304,25/01/2019,4141.05,,
2305,26/01/2019,3653.42,,
2306,27/01/2019,3616.571,,
2307,28/01/2019,2239.22,,
2308,29/01/2019,3152.48,,
2309,30/01/2019,468.901,,
2310,31/01/2019,2352.24,,
2311,01/02/2019,1935.58,,
2312,02/02/2019,1794.858,,
2313,03/02/2019,3090.68,,
2314,04/02/2019,2289.933,,
2315,05/02/2019,2428.506,,
2316,06/02/2019,3124,,
2317,07/02/2019,3043.148,,
2318,08/02/2019,4328.4,,
2319,09/02/2019,3056.387,,
2320,10/02/2019,1940.376,,
2321,11/02/2019,794.118,,
2322,12/02/2019,4034.58,,
2323,13/02/2019,4211.72,,
2324,14/02/2019,1627.92,,
2325,15/02/2019,1865.44,,
2326,16/02/2019,3880.55,,
2327,17/02/2019,4173.26,,
2328,18/02/2019,4314.58,,
2329,19/02/2019,3224.13,,
2330,20/02/2019,4287.66,,
2331,21/02/2019,2767.33,,
2332,22/02/2019,2675.21,,
2333,23/02/2019,3073.92,,
2334,24/02/2019,696.985,,
2335,25/02/2019,444.528,,
2336,26/02/2019,478.46,,
2337,27/02/2019,43.8,,
2338,28/02/2019,118.644,,
2339,01/03/2019,421.101,,
2340,02/03/2019,3419.36,,
2341,03/03/2019,3341.126,,
2342,04/03/2019,3620.63,,
2343,05/03/2019,3600.83,,
2344,06/03/2019,3126.87,,
2345,07/03/2019,4135.75,,
2346,08/03/2019,2703.868,,
2347,09/03/2019,3287.52,,
2348,10/03/2019,2732.427,,
2349,11/03/2019,3991.04,,
2350,12/03/2019,3948.602,,
2351,13/03/2019,4118.077,,
2352,14/03/2019,4143.72,,
2353,15/03/2019,3374.64,,
2354,16/03/2019,3415.67,,
2355,17/03/2019,3953.99,,
2356,18/03/2019,671.738,,
2357,19/03/2019,1593.926,,
2358,20/03/2019,2140.19,,
2359,21/03/2019,1242.37,,
2360,22/03/2019,2926.16,,
2361,23/03/2019,569.742,,
2362,24/03/2019,3203.99,,
2363,25/03/2019,2060.27,,
2364,26/03/2019,868.36,,
2365,27/03/2019,1329.94,,
2366,28/03/2019,597.874,,
2367,29/03/2019,667.834,,
2368,30/03/2019,530.937,,
2369,31/03/2019,1208.13,,
2370,01/04/2019,1797.732,,
2371,02/04/2019,998.616,,
2372,03/04/2019,2171.62,,
2373,04/04/2019,3550.01,,
2374,05/04/2019,3673.81,,
2375,06/04/2019,1214.882,,
2376,07/04/2019,435.516,,
2377,08/04/2019,2303.82,,
2378,09/04/2019,2937.64,,
2379,10/04/2019,891.573,,
2380,11/04/2019,971.185,,
2381,12/04/2019,1580.76,,
2382,13/04/2019,3478.42,,
2383,14/04/2019,3856.09,,
2384,15/04/2019,4235.86,,
2385,16/04/2019,1143.385,,
2386,17/04/2019,1896.943,,
2387,18/04/2019,1785.55,,
2388,19/04/2019,566.455,,
2389,20/04/2019,296.37,,
2390,21/04/2019,134.051,,
2391,22/04/2019,1717.405,,
2392,23/04/2019,2409.75,,
2393,24/04/2019,1879.804,,
2394,25/04/2019,1765.87,,
2395,26/04/2019,3965.91,,
2396,27/04/2019,3864.864,,
2397,28/04/2019,1834.028,,
2398,29/04/2019,256.774,,
2399,30/04/2019,416.844,,
2400,01/05/2019,127.981,,
2401,02/05/2019,705.263,,
2402,03/05/2019,1213.706,,
2403,04/05/2019,2268.351,,
2404,05/05/2019,1382.613,,
2405,06/05/2019,1121.838,,
2406,07/05/2019,416.819,,
2407,08/05/2019,3427.9,,
2408,09/05/2019,925.207,,
2409,10/05/2019,562.117,,
2410,11/05/2019,1623.462,,
2411,12/05/2019,213.64,,
2412,13/05/2019,141.437,,
2413,14/05/2019,248.511,,
2414,15/05/2019,306.836,,
2415,16/05/2019,2422.19,,
2416,17/05/2019,1055.98,,
2417,18/05/2019,126.848,,
2418,19/05/2019,115.636,,
2419,20/05/2019,873.23,,
2420,21/05/2019,992.56,,
2421,22/05/2019,59.72,,
2422,23/05/2019,213.765,,
2423,24/05/2019,519.111,,
2424,25/05/2019,1371.563,,
2425,26/05/2019,3916.73,,
2426,27/05/2019,2302.15,,
2427,28/05/2019,1731.15,,
2428,29/05/2019,2056.138,,
2429,30/05/2019,4314.2,,
2430,31/05/2019,4080.92,,
2431,01/06/2019,452.931,,
2432,02/06/2019,3008.34,,
2433,03/06/2019,4235.67,,
2434,04/06/2019,550.832,,
2435,05/06/2019,1176.349,,
2436,06/06/2019,302.431,,
2437,07/06/2019,1160.925,,
2438,08/06/2019,3171.04,,
2439,09/06/2019,1013.392,,
2440,10/06/2019,423.625,,
2441,11/06/2019,2263.74,,
2442,12/06/2019,3614.8,,
2443,13/06/2019,2328.103,,
2444,14/06/2019,306.916,,
2445,15/06/2019,1899.484,,
2446,16/06/2019,1961.25,,
2447,17/06/2019,3492.45,,
2448,18/06/2019,1035.447,,
2449,19/06/2019,390.315,,
2450,20/06/2019,1768.54,,
2451,21/06/2019,508.792,,
2452,22/06/2019,156.62,,
2453,23/06/2019,2386.31,,
2454,24/06/2019,1091.313,,
2455,25/06/2019,340.685,,
2456,26/06/2019,255.857,,
2457,27/06/2019,964.243,,
2458,28/06/2019,2824.34,,
2459,29/06/2019,641.596,,
2460,30/06/2019,3980.87,,
2461,01/07/2019,3899.68,,
2462,02/07/2019,1987.08,,
2463,03/07/2019,1118.07,,
2464,04/07/2019,700.97,,
2465,05/07/2019,727.1,,
2466,06/07/2019,1530.89,,
2467,07/07/2019,216.135,,
2468,08/07/2019,422.773,,
2469,09/07/2019,203.534,,
2470,10/07/2019,669.47,,
2471,11/07/2019,786.34,,
2472,12/07/2019,2786.44,,
2473,13/07/2019,2962.88,,
2474,14/07/2019,463.528,,
2475,15/07/2019,263.705,,
2476,16/07/2019,336.98,,
2477,17/07/2019,2596.92,,
2478,18/07/2019,1707.4,,
2479,19/07/2019,2381.15,,
2480,20/07/2019,1914.233,,
2481,21/07/2019,2208.23,,
2482,22/07/2019,4312.15,,
2483,23/07/2019,1299.536,,
2484,24/07/2019,908.834,,
2485,25/07/2019,829.171,,
2486,26/07/2019,64.428,,
2487,27/07/2019,739.511,,
2488,28/07/2019,2296.139,,
2489,29/07/2019,346.068,,
2490,30/07/2019,805.148,,
2491,31/07/2019,2722.6,,
2492,01/08/2019,1206.44,,
2493,02/08/2019,76.663,,
2494,03/08/2019,449.277,,
2495,04/08/2019,269.247,,
2496,05/08/2019,2343.38,,
2497,06/08/2019,3839.54,,
2498,07/08/2019,1716.2,,
2499,08/08/2019,506.449,,
2500,09/08/2019,2507.872,,
2501,10/08/2019,4181.24,,
2502,11/08/2019,3295.23,,
2503,12/08/2019,1823.42,,
2504,13/08/2019,1018.91,,
2505,14/08/2019,1349.9,,
2506,15/08/2019,3018.9,,
2507,16/08/2019,4005.43,,
2508,17/08/2019,4064.77,,
2509,18/08/2019,4025.19,,
2510,19/08/2019,3736.03,,
2511,20/08/2019,1626.16,,
2512,21/08/2019,2779.88,,
2513,22/08/2019,3403.7,,
2514,23/08/2019,2238.126,,
2515,24/08/2019,356.85,,
2516,25/08/2019,669.148,,
2517,26/08/2019,0,,
2518,27/08/2019,86.045,,
2519,28/08/2019,2260.4,,
2520,29/08/2019,3655,,
2521,30/08/2019,4286.28,,
2522,31/08/2019,3743.65,,
2523,01/09/2019,2863.75,,
2524,02/09/2019,3429.83,,
2525,03/09/2019,4095.08,,
2526,04/09/2019,3547.58,,
2527,05/09/2019,3485.95,,
2528,06/09/2019,3843.42,,
2529,07/09/2019,1143.991,,
2530,08/09/2019,345.336,,
2531,09/09/2019,955.084,,
2532,10/09/2019,2292.1,,
2533,11/09/2019,3696.36,,
2534,12/09/2019,3401.18,,
2535,13/09/2019,572.316,,
2536,14/09/2019,2187.23,,
2537,15/09/2019,1311.991,,
2538,16/09/2019,1096.732,,
2539,17/09/2019,1648.37,,
2540,18/09/2019,17.203,,
2541,19/09/2019,0,,
2542,20/09/2019,1166.056,,
2543,21/09/2019,3862.13,,
2544,22/09/2019,1569.251,,
2545,23/09/2019,2328.74,,
2546,24/09/2019,1146.62,,
2547,25/09/2019,357.525,,
2548,26/09/2019,3681.25,,
2549,27/09/2019,3449.7,,
2550,28/09/2019,2191.98,,
2551,29/09/2019,3056.504,,
2552,30/09/2019,1292.877,,
2553,01/10/2019,3148.57,,
2554,02/10/2019,351.524,,
2555,03/10/2019,2435.501,,
2556,04/10/2019,2186.661,,
2557,05/10/2019,2911.64,,
2558,06/10/2019,2834.84,,
2559,07/10/2019,3276.78,,
2560,08/10/2019,4325.06,,
2561,09/10/2019,4333.11,,
2562,10/10/2019,4327.52,,
2563,11/10/2019,4056.1,,
2564,12/10/2019,1937.6,,
2565,13/10/2019,1061.555,,
2566,14/10/2019,809.25,,
2567,15/10/2019,566.269,,
2568,16/10/2019,2642.83,,
2569,17/10/2019,3157.47,,
2570,18/10/2019,902.8,,
2571,19/10/2019,1621.19,,
2572,20/10/2019,3139.58,,
2573,21/10/2019,759.843,,
2574,22/10/2019,2459.85,,
2575,23/10/2019,2862.14,,
2576,24/10/2019,1678.97,,
2577,25/10/2019,1050.268,,
2578,26/10/2019,1682.191,,
2579,27/10/2019,3302.9,,
2580,28/10/2019,610.381,,
2581,29/10/2019,2657.91,,
2582,30/10/2019,4091.56,,
2583,31/10/2019,4049.14,,
2584,01/11/2019,3405.95,,
2585,02/11/2019,1371.3,,
2586,03/11/2019,500.481,,
2587,04/11/2019,1704.42,,
2588,05/11/2019,2755.638,,
2589,06/11/2019,792.25,,
2590,07/11/2019,3761.03,,
2591,08/11/2019,1476.057,,
2592,09/11/2019,3390.08,,
2593,10/11/2019,1687.31,,
2594,11/11/2019,4333.57,,
2595,12/11/2019,4195.62,,
2596,13/11/2019,1881.531,,
2597,14/11/2019,4170.35,,
2598,15/11/2019,3450.33,,
2599,16/11/2019,1366.297,,
2600,17/11/2019,495.793,,
2601,18/11/2019,102.101,,
2602,19/11/2019,2867.79,,
2603,20/11/2019,4324.91,,
2604,21/11/2019,4321.12,,
2605,22/11/2019,3297.63,,
2606,23/11/2019,2050.504,,
2607,24/11/2019,593.402,,
2608,25/11/2019,1537.8,,
2609,26/11/2019,2177.64,,
2610,27/11/2019,1478.436,,
2611,28/11/2019,2259.896,,
2612,29/11/2019,201.714,,
2613,30/11/2019,1705.78,,
2614,01/12/2019,766.542,,
2615,02/12/2019,1166.93,,
2616,03/12/2019,1511.14,,
2617,04/12/2019,3593.29,,
2618,05/12/2019,4223.64,,
2619,06/12/2019,4059.42,,
2620,07/12/2019,3954.22,,
2621,08/12/2019,4161.5,,
2622,09/12/2019,3022.07,,
2623,10/12/2019,4178.8,,
2624,11/12/2019,4037.68,,
2625,12/12/2019,2173.388,,
2626,13/12/2019,3302.26,,
2627,14/12/2019,3938.28,,
2628,15/12/2019,3096.46,,
2629,16/12/2019,3270.01,,
2630,17/12/2019,1333.47,,
2631,18/12/2019,2984.915,,
2632,19/12/2019,3083.92,,
2633,20/12/2019,2084.43,,
2634,21/12/2019,1213.92,,
2635,22/12/2019,1307.213,,
2636,23/12/2019,3650.75,,
2637,24/12/2019,2018.21,,
2638,25/12/2019,1100.134,,
2639,26/12/2019,2730.2,,
2640,27/12/2019,1843.26,,
2641,28/12/2019,1477.39,,
2642,29/12/2019,2575.2,,
2643,30/12/2019,2601.8,,
2644,31/12/2019,1167.68,,
2645,01/01/2020,814.551,,
2646,02/01/2020,4115.14,,
2647,03/01/2020,3891.18,,
2648,04/01/2020,3479.63,,
2649,05/01/2020,3953.86,,
2650,06/01/2020,4091.73,,
2651,07/01/2020,4043.73,,
2652,08/01/2020,2381.607,,
2653,09/01/2020,2008.054,,
2654,10/01/2020,2102.1,,
2655,11/01/2020,4062.33,,
2656,12/01/2020,2123.31,,
2657,13/01/2020,4058.92,,
2658,14/01/2020,3492.448,,
2659,15/01/2020,4243.61,,
2660,16/01/2020,4048.52,,
2661,17/01/2020,2709.009,,
2662,18/01/2020,2128.67,,
2663,19/01/2020,544.177,,
2664,20/01/2020,1128,,
2665,21/01/2020,286.53,,
2666,22/01/2020,331.648,,
2667,23/01/2020,106.587,,
2668,24/01/2020,464.83,,
2669,25/01/2020,2621.58,,
2670,26/01/2020,2460.53,,
2671,27/01/2020,3396.66,,
2672,28/01/2020,4054.81,,
2673,29/01/2020,4033.81,,
2674,30/01/2020,4040.04,,
2675,31/01/2020,4090.66,,
2676,01/02/2020,3236.717,,
2677,02/02/2020,2806.125,,
2678,03/02/2020,4091.81,,
2679,04/02/2020,3810.55,,
2680,05/02/2020,448.062,,
2681,06/02/2020,525.53,,
2682,07/02/2020,3924.53,,
2683,08/02/2020,4044.95,,
2684,09/02/2020,3828.621,,
2685,10/02/2020,3864.97,,
2686,11/02/2020,4051.12,,
2687,12/02/2020,3384.09,,
2688,13/02/2020,1712.296,,
2689,14/02/2020,2753.1,,
2690,15/02/2020,3875.81,,
2691,16/02/2020,4042.147,,
2692,17/02/2020,4040.16,,
2693,18/02/2020,4098.01,,
2694,19/02/2020,3965.31,,
2695,20/02/2020,4011.37,,
2696,21/02/2020,3989.19,,
2697,22/02/2020,3920.08,,
2698,23/02/2020,2452.763,,
2699,24/02/2020,3630.715,,
2700,25/02/2020,3699.04,,
2701,26/02/2020,3588.17,,
2702,27/02/2020,2522.65,,
2703,28/02/2020,3523.73,,
2704,29/02/2020,3824.522,,
2705,01/03/2020,3994.17,,
2706,02/03/2020,3558.14,,
2707,03/03/2020,2335.8,,
2708,04/03/2020,43.715,,
2709,05/03/2020,5.29,,
2710,06/03/2020,445.92,,
2711,07/03/2020,3669.98,,
2712,08/03/2020,4141.11,,
2713,09/03/2020,4184.54,,
2714,10/03/2020,3533.21,,
2715,11/03/2020,3981.76,,
2716,12/03/2020,4177.65,,
2717,13/03/2020,1689.267,,
2718,14/03/2020,3341.27,,
2719,15/03/2020,3759.13,,
2720,16/03/2020,2489.73,,
2721,17/03/2020,3437.7,,
2722,18/03/2020,712.23,,
2723,19/03/2020,494.306,,
2724,20/03/2020,1660.535,,
2725,21/03/2020,3904.34,,
2726,22/03/2020,1673.093,,
2727,23/03/2020,1810.6,,
2728,24/03/2020,1660.27,,
2729,25/03/2020,853.829,,
2730,26/03/2020,70.253,,
2731,27/03/2020,377.704,,
2732,28/03/2020,2084.9,,
2733,29/03/2020,2803.2,,
2734,30/03/2020,1618.32,,
2735,31/03/2020,370.803,,
2736,01/04/2020,1689.37,,
2737,02/04/2020,3253.32,,
2738,03/04/2020,1897.01,,
2739,04/04/2020,1676.95,,
2740,05/04/2020,3937.63,,
2741,06/04/2020,3237.85,,
2742,07/04/2020,238.78,,
2743,08/04/2020,27.945,,
2744,09/04/2020,1327.705,,
2745,10/04/2020,1036.667,,
2746,11/04/2020,156.74,,
2747,12/04/2020,1076.924,,
2748,13/04/2020,1993.266,,
2749,14/04/2020,211.558,,
2750,15/04/2020,40.27,,
2751,16/04/2020,1509.032,,
2752,17/04/2020,3348.44,,
2753,18/04/2020,1579.126,,
2754,19/04/2020,1731.237,,
2755,20/04/2020,3364.51,,
2756,21/04/2020,3513.27,,
2757,22/04/2020,2107.12,,
2758,23/04/2020,624.687,,
2759,24/04/2020,279.461,,
2760,25/04/2020,739.589,,
2761,26/04/2020,389.374,,
2762,27/04/2020,392.182,,
2763,28/04/2020,1144.54,,
2764,29/04/2020,2258.043,,
2765,30/04/2020,2256.587,,
2766,01/05/2020,825.52,,
2767,02/05/2020,744.282,,
2768,03/05/2020,141.651,,
2769,04/05/2020,1104.096,,
2770,05/05/2020,2387.01,,
2771,06/05/2020,558.981,,
2772,07/05/2020,247.251,,
2773,08/05/2020,174.424,,
2774,09/05/2020,165.609,,
2775,10/05/2020,3235.24,,
2776,11/05/2020,2405.95,,
2777,12/05/2020,2724.48,,
2778,13/05/2020,897.476,,
2779,14/05/2020,957.34,,
2780,15/05/2020,1889.47,,
2781,16/05/2020,890.27,,
2782,17/05/2020,2417.54,,
2783,18/05/2020,3863.45,,
2784,19/05/2020,2929.691,,
2785,20/05/2020,79.627,,
2786,21/05/2020,820.414,,
2787,22/05/2020,2954.58,,
2788,23/05/2020,4146.32,,
2789,24/05/2020,3172.13,,
2790,25/05/2020,1192.42,,
2791,26/05/2020,437.422,,
2792,27/05/2020,128.559,,
2793,28/05/2020,612.835,,
2794,29/05/2020,700.889,,
2795,30/05/2020,1734.78,,
2796,31/05/2020,1648.793,,
2797,01/06/2020,664.098,,
2798,02/06/2020,137.095,,
2799,03/06/2020,1542.421,,
2800,04/06/2020,1984.035,,
2801,05/06/2020,3896.17,,
2802,06/06/2020,3282.52,,
2803,07/06/2020,1883.627,,
2804,08/06/2020,443.627,,
2805,09/06/2020,44.32,,
2806,10/06/2020,752.221,,
2807,11/06/2020,3640.4,,
2808,12/06/2020,3064.35,,
2809,13/06/2020,1023.991,,
2810,14/06/2020,464.24,,
2811,15/06/2020,9.671,,
2812,16/06/2020,62.203,,
2813,17/06/2020,34.35,,
2814,18/06/2020,311.416,,
2815,19/06/2020,1778.008,,
2816,20/06/2020,822.318,,
2817,21/06/2020,3704.51,,
2818,22/06/2020,3401.48,,
2819,23/06/2020,2156.297,,
2820,24/06/2020,375.965,,
2821,25/06/2020,1613.66,,
2822,26/06/2020,647.138,,
2823,27/06/2020,2391.7,,
2824,28/06/2020,4157.94,,
2825,29/06/2020,4124.61,,
2826,30/06/2020,1421.12,,
2827,01/07/2020,29.69,,
2828,02/07/2020,434.726,,
2829,03/07/2020,3536.55,,
2830,04/07/2020,2703.4,,
2831,05/07/2020,1703.592,,
2832,06/07/2020,0,,
2833,07/07/2020,0,,
2834,08/07/2020,0,,
2835,09/07/2020,0,,
2836,10/07/2020,2518.263,,
2837,11/07/2020,1297.003,,
2838,12/07/2020,587.973,,
2839,13/07/2020,2453.603,,
2840,14/07/2020,1693.66,,
2841,15/07/2020,1310.12,,
2842,16/07/2020,1051.76,,
2843,17/07/2020,3202.41,,
2844,18/07/2020,1690.122,,
2845,19/07/2020,1396.73,,
2846,20/07/2020,994.56,,
2847,21/07/2020,57.962,,
2848,22/07/2020,2776.63,,
2849,23/07/2020,2089.421,,
2850,24/07/2020,609.787,,
2851,25/07/2020,2201.75,,
2852,26/07/2020,2919.06,,
2853,27/07/2020,3374.14,,
2854,28/07/2020,2930.38,,
2855,29/07/2020,824.078,,
2856,30/07/2020,540.899,,
2857,31/07/2020,1934.76,,
2858,01/08/2020,1513.36,,
