,Date,Power Gen MW
0,2014-08-01,0.0
1,2014-08-02,0.0
2,2014-08-03,0.0
3,2014-08-04,0.0
4,2014-08-05,0.0
5,2014-08-06,0.0
6,2014-08-07,0.0
7,2014-08-08,0.0
8,2014-08-09,0.0
9,2014-08-10,0.0
10,2014-08-11,0.0
11,2014-08-12,0.0
12,2014-08-13,0.0
13,2014-08-14,0.0
14,2014-08-15,0.0
15,2014-08-16,0.0
16,2014-08-17,0.0
17,2014-08-18,0.0
18,2014-08-19,0.0
19,2014-08-20,0.0
20,2014-08-21,0.0
21,2014-08-22,0.0
22,2014-08-23,0.0
23,2014-08-24,0.0
24,2014-08-25,0.0
25,2014-08-26,0.0
26,2014-08-27,0.0
27,2014-08-28,0.0
28,2014-08-29,0.0
29,2014-08-30,0.0
30,2014-08-31,0.0
31,2014-09-01,0.0
32,2014-09-02,0.0
33,2014-09-03,0.0
34,2014-09-04,0.0
35,2014-09-05,0.0
36,2014-09-06,0.0
37,2014-09-07,0.0
38,2014-09-08,0.0
39,2014-09-09,0.0
40,2014-09-10,0.0
41,2014-09-11,0.0
42,2014-09-12,0.0
43,2014-09-13,0.0
44,2014-09-14,0.0
45,2014-09-15,0.0
46,2014-09-16,0.0
47,2014-09-17,0.0
48,2014-09-18,0.0
49,2014-09-19,0.0
50,2014-09-20,0.0
51,2014-09-21,0.0
52,2014-09-22,0.0
53,2014-09-23,0.0
54,2014-09-24,0.0
55,2014-09-25,0.0
56,2014-09-26,0.0
57,2014-09-27,0.0
58,2014-09-28,0.0
59,2014-09-29,0.0
60,2014-09-30,0.0
61,2014-10-01,0.0
62,2014-10-02,0.0
63,2014-10-03,0.0
64,2014-10-04,0.0
65,2014-10-05,0.0
66,2014-10-06,0.0
67,2014-10-07,0.0
68,2014-10-08,0.0
69,2014-10-09,0.0
70,2014-10-10,0.0
71,2014-10-11,0.0
72,2014-10-12,0.0
73,2014-10-13,0.0
74,2014-10-14,0.0
75,2014-10-15,0.0
76,2014-10-16,0.0
77,2014-10-17,0.0
78,2014-10-18,0.0
79,2014-10-19,0.0
80,2014-10-20,0.0
81,2014-10-21,0.0
82,2014-10-22,0.0
83,2014-10-23,0.0
84,2014-10-24,0.0
85,2014-10-25,0.0
86,2014-10-26,0.0
87,2014-10-27,0.0
88,2014-10-28,0.0
89,2014-10-29,0.0
90,2014-10-30,0.0
91,2014-10-31,0.0
92,2014-11-01,0.0
93,2014-11-02,0.0
94,2014-11-03,0.0
95,2014-11-04,0.0
96,2014-11-05,0.0
97,2014-11-06,0.0
98,2014-11-07,0.0
99,2014-11-08,0.0
100,2014-11-09,0.0
101,2014-11-10,0.0
102,2014-11-11,0.0
103,2014-11-12,0.0
104,2014-11-13,0.0
105,2014-11-14,0.0
106,2014-11-15,0.0
107,2014-11-16,0.0
108,2014-11-17,0.0
109,2014-11-18,0.0
110,2014-11-19,0.0
111,2014-11-20,0.0
112,2014-11-21,0.0
113,2014-11-22,0.0
114,2014-11-23,0.0
115,2014-11-24,0.0
116,2014-11-25,0.0
117,2014-11-26,0.0
118,2014-11-27,0.0
119,2014-11-28,0.0
120,2014-11-29,0.0
121,2014-11-30,0.0
122,2014-12-01,0.0
123,2014-12-02,0.0
124,2014-12-03,0.0
125,2014-12-04,0.0
126,2014-12-05,0.0
127,2014-12-06,0.0
128,2014-12-07,0.0
129,2014-12-08,0.0
130,2014-12-09,0.0
131,2014-12-10,0.0
132,2014-12-11,0.0
133,2014-12-12,0.0
134,2014-12-13,0.0
135,2014-12-14,0.0
136,2014-12-15,0.0
137,2014-12-16,0.0
138,2014-12-17,0.0
139,2014-12-18,0.0
140,2014-12-19,0.0
141,2014-12-20,0.0
142,2014-12-21,0.0
143,2014-12-22,0.0
144,2014-12-23,0.0
145,2014-12-24,0.0
146,2014-12-25,0.0
147,2014-12-26,0.0
148,2014-12-27,0.0
149,2014-12-28,0.0
150,2014-12-29,0.0
151,2014-12-30,0.0
152,2014-12-31,0.0
153,2015-01-01,0.0
154,2015-01-02,0.0
155,2015-01-03,0.0
156,2015-01-04,0.0
157,2015-01-05,0.0
158,2015-01-06,0.0
159,2015-01-07,0.0
160,2015-01-08,0.0
161,2015-01-09,0.0
162,2015-01-10,0.0
163,2015-01-11,0.0
164,2015-01-12,0.0
165,2015-01-13,0.0
166,2015-01-14,0.0
167,2015-01-15,0.0
168,2015-01-16,0.0
169,2015-01-17,0.0
170,2015-01-18,0.0
171,2015-01-19,0.0
172,2015-01-20,0.0
173,2015-01-21,0.0
174,2015-01-22,0.0
175,2015-01-23,0.0
176,2015-01-24,0.0
177,2015-01-25,0.0
178,2015-01-26,0.0
179,2015-01-27,0.0
180,2015-01-28,0.0
181,2015-01-29,0.0
182,2015-01-30,0.0
183,2015-01-31,0.0
184,2015-02-01,0.0
185,2015-02-02,0.0
186,2015-02-03,0.0
187,2015-02-04,0.0
188,2015-02-05,0.0
189,2015-02-06,0.0
190,2015-02-07,0.0
191,2015-02-08,0.0
192,2015-02-09,0.0
193,2015-02-10,0.0
194,2015-02-11,0.0
195,2015-02-12,0.0
196,2015-02-13,0.0
197,2015-02-14,0.0
198,2015-02-15,0.0
199,2015-02-16,0.0
200,2015-02-17,0.0
201,2015-02-18,0.0
202,2015-02-19,0.0
203,2015-02-20,0.0
204,2015-02-21,0.0
205,2015-02-22,0.0
206,2015-02-23,0.0
207,2015-02-24,0.0
208,2015-02-25,0.0
209,2015-02-26,0.0
210,2015-02-27,0.0
211,2015-02-28,0.0
212,2015-03-01,0.0
213,2015-03-02,0.0
214,2015-03-03,0.0
215,2015-03-04,0.0
216,2015-03-05,0.0
217,2015-03-06,0.0
218,2015-03-07,0.0
219,2015-03-08,0.0
220,2015-03-09,0.0
221,2015-03-10,0.0
222,2015-03-11,0.0
223,2015-03-12,0.0
224,2015-03-13,0.0
225,2015-03-14,0.0
226,2015-03-15,0.0
227,2015-03-16,0.0
228,2015-03-17,0.0
229,2015-03-18,0.0
230,2015-03-19,0.0
231,2015-03-20,0.0
232,2015-03-21,0.0
233,2015-03-22,0.0
234,2015-03-23,0.0
235,2015-03-24,0.0
236,2015-03-25,0.0
237,2015-03-26,0.0
238,2015-03-27,0.0
239,2015-03-28,0.0
240,2015-03-29,0.0
241,2015-03-30,0.0
242,2015-03-31,0.0
243,2015-04-01,0.0
244,2015-04-02,0.0
245,2015-04-03,0.0
246,2015-04-04,0.0
247,2015-04-05,0.0
248,2015-04-06,0.0
249,2015-04-07,0.0
250,2015-04-08,0.0
251,2015-04-09,0.0
252,2015-04-10,0.0
253,2015-04-11,0.0
254,2015-04-12,0.0
255,2015-04-13,0.0
256,2015-04-14,0.0
257,2015-04-15,0.0
258,2015-04-16,0.0
259,2015-04-17,0.0
260,2015-04-18,0.0
261,2015-04-19,0.0
262,2015-04-20,0.0
263,2015-04-21,0.0
264,2015-04-22,0.0
265,2015-04-23,0.0
266,2015-04-24,0.0
267,2015-04-25,0.0
268,2015-04-26,0.0
269,2015-04-27,0.0
270,2015-04-28,0.0
271,2015-04-29,0.0
272,2015-04-30,0.0
273,2015-05-01,0.0
274,2015-05-02,0.0
275,2015-05-03,0.0
276,2015-05-04,0.0
277,2015-05-05,0.0
278,2015-05-06,0.0
279,2015-05-07,0.0
280,2015-05-08,0.0
281,2015-05-09,0.0
282,2015-05-10,0.0
283,2015-05-11,0.0
284,2015-05-12,0.0
285,2015-05-13,0.0
286,2015-05-14,0.0
287,2015-05-15,0.0
288,2015-05-16,0.0
289,2015-05-17,0.0
290,2015-05-18,0.0
291,2015-05-19,0.0
292,2015-05-20,0.0
293,2015-05-21,0.0
294,2015-05-22,0.0
295,2015-05-23,0.0
296,2015-05-24,0.0
297,2015-05-25,0.0
298,2015-05-26,0.0
299,2015-05-27,0.0
300,2015-05-28,0.0
301,2015-05-29,0.0
302,2015-05-30,0.0
303,2015-05-31,0.0
304,2015-06-01,0.0
305,2015-06-02,0.0
306,2015-06-03,0.0
307,2015-06-04,0.0
308,2015-06-05,0.0
309,2015-06-06,0.0
310,2015-06-07,0.0
311,2015-06-08,0.0
312,2015-06-09,0.0
313,2015-06-10,0.0
314,2015-06-11,0.0
315,2015-06-12,0.0
316,2015-06-13,0.0
317,2015-06-14,0.0
318,2015-06-15,0.0
319,2015-06-16,0.0
320,2015-06-17,0.0
321,2015-06-18,0.0
322,2015-06-19,0.0
323,2015-06-20,0.0
324,2015-06-21,0.0
325,2015-06-22,0.0
326,2015-06-23,0.0
327,2015-06-24,0.0
328,2015-06-25,0.0
329,2015-06-26,0.0
330,2015-06-27,0.0
331,2015-06-28,0.0
332,2015-06-29,0.0
333,2015-06-30,0.0
334,2015-07-01,0.0
335,2015-07-02,0.0
336,2015-07-03,0.0
337,2015-07-04,0.0
338,2015-07-05,0.0
339,2015-07-06,0.0
340,2015-07-07,0.0
341,2015-07-08,0.0
342,2015-07-09,0.0
343,2015-07-10,0.0
344,2015-07-11,0.0
345,2015-07-12,0.0
346,2015-07-13,0.0
347,2015-07-14,0.0
348,2015-07-15,0.0
349,2015-07-16,0.0
350,2015-07-17,0.0
351,2015-07-18,0.0
352,2015-07-19,0.0
353,2015-07-20,0.0
354,2015-07-21,0.0
355,2015-07-22,0.0
356,2015-07-23,0.0
357,2015-07-24,0.0
358,2015-07-25,0.0
359,2015-07-26,0.0
360,2015-07-27,0.0
361,2015-07-28,0.0
362,2015-07-29,0.0
363,2015-07-30,0.0
364,2015-07-31,0.0
365,2015-08-01,0.0
366,2015-08-02,0.0
367,2015-08-03,0.0
368,2015-08-04,0.0
369,2015-08-05,0.0
370,2015-08-06,0.0
371,2015-08-07,0.0
372,2015-08-08,0.0
373,2015-08-09,0.0
374,2015-08-10,0.0
375,2015-08-11,0.0
376,2015-08-12,0.0
377,2015-08-13,0.0
378,2015-08-14,0.0
379,2015-08-15,0.0
380,2015-08-16,0.0
381,2015-08-17,0.0
382,2015-08-18,0.0
383,2015-08-19,0.0
384,2015-08-20,0.0
385,2015-08-21,0.0
386,2015-08-22,0.0
387,2015-08-23,0.0
388,2015-08-24,0.0
389,2015-08-25,0.0
390,2015-08-26,0.0
391,2015-08-27,0.0
392,2015-08-28,0.0
393,2015-08-29,0.0
394,2015-08-30,0.0
395,2015-08-31,0.0
396,2015-09-01,0.0
397,2015-09-02,0.0
398,2015-09-03,0.0
399,2015-09-04,0.0
400,2015-09-05,0.0
401,2015-09-06,0.0
402,2015-09-07,0.0
403,2015-09-08,0.0
404,2015-09-09,0.0
405,2015-09-10,0.0
406,2015-09-11,0.0
407,2015-09-12,0.0
408,2015-09-13,0.0
409,2015-09-14,0.0
410,2015-09-15,0.0
411,2015-09-16,0.0
412,2015-09-17,0.0
413,2015-09-18,0.0
414,2015-09-19,0.0
415,2015-09-20,0.0
416,2015-09-21,0.0
417,2015-09-22,0.0
418,2015-09-23,0.0
419,2015-09-24,0.0
420,2015-09-25,0.0
421,2015-09-26,0.0
422,2015-09-27,0.0
423,2015-09-28,0.0
424,2015-09-29,0.0
425,2015-09-30,0.0
426,2015-10-01,0.0
427,2015-10-02,0.0
428,2015-10-03,0.0
429,2015-10-04,0.0
430,2015-10-05,0.0
431,2015-10-06,0.0
432,2015-10-07,0.0
433,2015-10-08,0.0
434,2015-10-09,0.0
435,2015-10-10,0.0
436,2015-10-11,0.0
437,2015-10-12,0.0
438,2015-10-13,0.0
439,2015-10-14,0.0
440,2015-10-15,0.0
441,2015-10-16,0.0
442,2015-10-17,0.0
443,2015-10-18,0.0
444,2015-10-19,0.0
445,2015-10-20,0.0
446,2015-10-21,0.0
447,2015-10-22,0.0
448,2015-10-23,0.0
449,2015-10-24,0.0
450,2015-10-25,0.0
451,2015-10-26,0.0
452,2015-10-27,0.0
453,2015-10-28,0.0
454,2015-10-29,0.0
455,2015-10-30,0.0
456,2015-10-31,0.0
457,2015-11-01,0.0
458,2015-11-02,0.0
459,2015-11-03,0.0
460,2015-11-04,0.0
461,2015-11-05,0.0
462,2015-11-06,0.0
463,2015-11-07,0.0
464,2015-11-08,0.0
465,2015-11-09,0.0
466,2015-11-10,0.0
467,2015-11-11,0.0
468,2015-11-12,0.0
469,2015-11-13,0.0
470,2015-11-14,0.0
471,2015-11-15,0.0
472,2015-11-16,0.0
473,2015-11-17,0.0
474,2015-11-18,0.0
475,2015-11-19,0.0
476,2015-11-20,0.0
477,2015-11-21,0.0
478,2015-11-22,0.0
479,2015-11-23,0.0
480,2015-11-24,0.0
481,2015-11-25,0.0
482,2015-11-26,0.0
483,2015-11-27,0.0
484,2015-11-28,0.0
485,2015-11-29,0.0
486,2015-11-30,0.0
487,2015-12-01,0.0
488,2015-12-02,0.0
489,2015-12-03,0.0
490,2015-12-04,0.0
491,2015-12-05,0.0
492,2015-12-06,0.0
493,2015-12-07,0.0
494,2015-12-08,0.0
495,2015-12-09,0.0
496,2015-12-10,0.0
497,2015-12-11,0.0
498,2015-12-12,0.0
499,2015-12-13,0.0
500,2015-12-14,0.0
501,2015-12-15,0.0
502,2015-12-16,0.0
503,2015-12-17,0.0
504,2015-12-18,0.0
505,2015-12-19,0.0
506,2015-12-20,0.0
507,2015-12-21,0.0
508,2015-12-22,0.0
509,2015-12-23,0.0
510,2015-12-24,0.0
511,2015-12-25,0.0
512,2015-12-26,0.0
513,2015-12-27,0.0
514,2015-12-28,0.0
515,2015-12-29,0.0
516,2015-12-30,0.0
517,2015-12-31,0.0
518,2016-01-01,0.0
519,2016-01-02,0.0
520,2016-01-03,0.0
521,2016-01-04,0.0
522,2016-01-05,0.0
523,2016-01-06,0.0
524,2016-01-07,0.0
525,2016-01-08,0.0
526,2016-01-09,0.0
527,2016-01-10,0.0
528,2016-01-11,0.0
529,2016-01-12,0.0
530,2016-01-13,0.0
531,2016-01-14,0.0
532,2016-01-15,0.0
533,2016-01-16,0.0
534,2016-01-17,0.0
535,2016-01-18,0.0
536,2016-01-19,0.0
537,2016-01-20,0.0
538,2016-01-21,0.0
539,2016-01-22,0.0
540,2016-01-23,0.0
541,2016-01-24,0.0
542,2016-01-25,0.0
543,2016-01-26,0.0
544,2016-01-27,0.0
545,2016-01-28,0.0
546,2016-01-29,0.0
547,2016-01-30,0.0
548,2016-01-31,0.0
549,2016-02-01,0.0
550,2016-02-02,0.0
551,2016-02-03,0.0
552,2016-02-04,0.0
553,2016-02-05,0.0
554,2016-02-06,0.0
555,2016-02-07,0.0
556,2016-02-08,0.0
557,2016-02-09,0.0
558,2016-02-10,0.0
559,2016-02-11,0.0
560,2016-02-12,0.0
561,2016-02-13,0.0
562,2016-02-14,0.0
563,2016-02-15,0.0
564,2016-02-16,0.0
565,2016-02-17,0.0
566,2016-02-18,0.0
567,2016-02-19,0.0
568,2016-02-20,0.0
569,2016-02-21,0.0
570,2016-02-22,0.0
571,2016-02-23,0.0
572,2016-02-24,0.0
573,2016-02-25,0.0
574,2016-02-26,0.0
575,2016-02-27,0.0
576,2016-02-28,0.0
577,2016-02-29,0.0
578,2016-03-01,0.0
579,2016-03-02,0.0
580,2016-03-03,0.0
581,2016-03-04,0.0
582,2016-03-05,0.0
583,2016-03-06,0.0
584,2016-03-07,0.0
585,2016-03-08,0.0
586,2016-03-09,0.0
587,2016-03-10,0.0
588,2016-03-11,0.0
589,2016-03-12,0.0
590,2016-03-13,0.0
591,2016-03-14,0.0
592,2016-03-15,0.0
593,2016-03-16,0.0
594,2016-03-17,0.0
595,2016-03-18,0.0
596,2016-03-19,0.0
597,2016-03-20,0.0
598,2016-03-21,0.0
599,2016-03-22,0.0
600,2016-03-23,0.0
601,2016-03-24,0.0
602,2016-03-25,0.0
603,2016-03-26,0.0
604,2016-03-27,0.0
605,2016-03-28,0.0
606,2016-03-29,0.0
607,2016-03-30,0.0
608,2016-03-31,0.0
609,2016-04-01,0.0
610,2016-04-02,0.0
611,2016-04-03,0.0
612,2016-04-04,0.0
613,2016-04-05,0.0
614,2016-04-06,0.0
615,2016-04-07,0.0
616,2016-04-08,0.0
617,2016-04-09,0.0
618,2016-04-10,0.0
619,2016-04-11,0.0
620,2016-04-12,0.0
621,2016-04-13,0.0
622,2016-04-14,0.0
623,2016-04-15,0.0
624,2016-04-16,0.0
625,2016-04-17,0.0
626,2016-04-18,0.0
627,2016-04-19,0.0
628,2016-04-20,0.0
629,2016-04-21,0.0
630,2016-04-22,0.0
631,2016-04-23,0.0
632,2016-04-24,0.0
633,2016-04-25,0.0
634,2016-04-26,0.0
635,2016-04-27,0.0
636,2016-04-28,0.0
637,2016-04-29,0.0
638,2016-04-30,0.0
639,2016-05-01,0.0
640,2016-05-02,0.0
641,2016-05-03,0.0
642,2016-05-04,0.0
643,2016-05-05,0.0
644,2016-05-06,0.0
645,2016-05-07,0.0
646,2016-05-08,0.0
647,2016-05-09,0.0
648,2016-05-10,0.0
649,2016-05-11,0.0
650,2016-05-12,0.0
651,2016-05-13,0.0
652,2016-05-14,0.0
653,2016-05-15,0.0
654,2016-05-16,0.0
655,2016-05-17,0.0
656,2016-05-18,0.0
657,2016-05-19,0.0
658,2016-05-20,0.0
659,2016-05-21,0.0
660,2016-05-22,0.0
661,2016-05-23,0.0
662,2016-05-24,0.0
663,2016-05-25,0.0
664,2016-05-26,0.0
665,2016-05-27,0.0
666,2016-05-28,0.0
667,2016-05-29,0.0
668,2016-05-30,0.0
669,2016-05-31,0.0
670,2016-06-01,0.0
671,2016-06-02,0.0
672,2016-06-03,0.0
673,2016-06-04,0.0
674,2016-06-05,0.0
675,2016-06-06,0.0
676,2016-06-07,0.0
677,2016-06-08,0.0
678,2016-06-09,0.0
679,2016-06-10,0.0
680,2016-06-11,0.0
681,2016-06-12,0.0
682,2016-06-13,0.0
683,2016-06-14,0.0
684,2016-06-15,0.0
685,2016-06-16,0.0
686,2016-06-17,0.0
687,2016-06-18,0.0
688,2016-06-19,0.0
689,2016-06-20,0.0
690,2016-06-21,0.0
691,2016-06-22,0.0
692,2016-06-23,0.0
693,2016-06-24,0.0
694,2016-06-25,0.0
695,2016-06-26,0.0
696,2016-06-27,0.0
697,2016-06-28,0.0
698,2016-06-29,0.0
699,2016-06-30,0.0
700,2016-07-01,0.0
701,2016-07-02,0.0
702,2016-07-03,0.0
703,2016-07-04,0.0
704,2016-07-05,0.0
705,2016-07-06,0.0
706,2016-07-07,0.0
707,2016-07-08,0.0
708,2016-07-09,0.0
709,2016-07-10,0.0
710,2016-07-11,0.0
711,2016-07-12,0.0
712,2016-07-13,0.0
713,2016-07-14,0.0
714,2016-07-15,0.0
715,2016-07-16,0.0
716,2016-07-17,0.0
717,2016-07-18,0.0
718,2016-07-19,0.0
719,2016-07-20,0.0
720,2016-07-21,0.0
721,2016-07-22,0.0
722,2016-07-23,0.0
723,2016-07-24,0.0
724,2016-07-25,0.0
725,2016-07-26,0.0
726,2016-07-27,0.0
727,2016-07-28,0.0
728,2016-07-29,0.0
729,2016-07-30,0.0
730,2016-07-31,0.0
731,2016-08-01,0.0
732,2016-08-02,0.0
733,2016-08-03,0.0
734,2016-08-04,0.0
735,2016-08-05,0.0
736,2016-08-06,0.0
737,2016-08-07,0.0
738,2016-08-08,0.0
739,2016-08-09,0.0
740,2016-08-10,0.0
741,2016-08-11,0.0
742,2016-08-12,0.0
743,2016-08-13,0.0
744,2016-08-14,0.0
745,2016-08-15,0.0
746,2016-08-16,0.0
747,2016-08-17,0.0
748,2016-08-18,0.0
749,2016-08-19,0.0
750,2016-08-20,0.0
751,2016-08-21,0.0
752,2016-08-22,0.0
753,2016-08-23,0.0
754,2016-08-24,0.0
755,2016-08-25,0.0
756,2016-08-26,0.0
757,2016-08-27,0.0
758,2016-08-28,0.0
759,2016-08-29,0.0
760,2016-08-30,0.0
761,2016-08-31,0.0
762,2016-09-01,0.0
763,2016-09-02,0.0
764,2016-09-03,0.0
765,2016-09-04,0.0
766,2016-09-05,0.0
767,2016-09-06,0.0
768,2016-09-07,0.0
769,2016-09-08,0.0
770,2016-09-09,0.0
771,2016-09-10,0.0
772,2016-09-11,0.0
773,2016-09-12,0.0
774,2016-09-13,0.0
775,2016-09-14,0.0
776,2016-09-15,0.0
777,2016-09-16,0.0
778,2016-09-17,0.0
779,2016-09-18,0.0
780,2016-09-19,0.0
781,2016-09-20,0.0
782,2016-09-21,0.0
783,2016-09-22,0.0
784,2016-09-23,0.0
785,2016-09-24,0.0
786,2016-09-25,0.0
787,2016-09-26,0.0
788,2016-09-27,0.0
789,2016-09-28,0.0
790,2016-09-29,0.0
791,2016-09-30,0.0
792,2016-10-01,0.0
793,2016-10-02,0.0
794,2016-10-03,0.0
795,2016-10-04,0.0
796,2016-10-05,0.0
797,2016-10-06,0.0
798,2016-10-07,0.0
799,2016-10-08,0.0
800,2016-10-09,0.0
801,2016-10-10,0.0
802,2016-10-11,0.0
803,2016-10-12,0.0
804,2016-10-13,0.0
805,2016-10-14,0.0
806,2016-10-15,0.0
807,2016-10-16,0.0
808,2016-10-17,0.0
809,2016-10-18,0.0
810,2016-10-19,0.0
811,2016-10-20,0.0
812,2016-10-21,0.0
813,2016-10-22,0.0
814,2016-10-23,0.0
815,2016-10-24,0.0
816,2016-10-25,0.0
817,2016-10-26,0.0
818,2016-10-27,0.0
819,2016-10-28,0.0
820,2016-10-29,0.0
821,2016-10-30,0.0
822,2016-10-31,0.0
823,2016-11-01,0.0
824,2016-11-02,0.0
825,2016-11-03,0.0
826,2016-11-04,0.0
827,2016-11-05,0.0
828,2016-11-06,0.0
829,2016-11-07,0.0
830,2016-11-08,0.0
831,2016-11-09,0.0
832,2016-11-10,0.0
833,2016-11-11,0.0
834,2016-11-12,0.0
835,2016-11-13,0.0
836,2016-11-14,0.0
837,2016-11-15,0.0
838,2016-11-16,0.0
839,2016-11-17,0.0
840,2016-11-18,0.0
841,2016-11-19,0.0
842,2016-11-20,0.0
843,2016-11-21,0.0
844,2016-11-22,0.0
845,2016-11-23,0.0
846,2016-11-24,0.0
847,2016-11-25,0.0
848,2016-11-26,0.0
849,2016-11-27,0.0
850,2016-11-28,0.0
851,2016-11-29,0.0
852,2016-11-30,0.0
853,2016-12-01,0.0
854,2016-12-02,0.0
855,2016-12-03,0.0
856,2016-12-04,0.0
857,2016-12-05,0.0
858,2016-12-06,0.0
859,2016-12-07,0.0
860,2016-12-08,0.0
861,2016-12-09,0.0
862,2016-12-10,0.0
863,2016-12-11,0.0
864,2016-12-12,0.0
865,2016-12-13,0.0
866,2016-12-14,0.0
867,2016-12-15,0.0
868,2016-12-16,0.0
869,2016-12-17,0.0
870,2016-12-18,0.0
871,2016-12-19,0.0
872,2016-12-20,0.0
873,2016-12-21,0.0
874,2016-12-22,0.0
875,2016-12-23,0.0
876,2016-12-24,0.0
877,2016-12-25,0.0
878,2016-12-26,0.0
879,2016-12-27,0.0
880,2016-12-28,0.0
881,2016-12-29,0.0
882,2016-12-30,0.0
883,2016-12-31,0.0
884,2017-01-01,0.0
885,2017-01-02,0.0
886,2017-01-03,0.0
887,2017-01-04,0.0
888,2017-01-05,0.0
889,2017-01-06,0.0
890,2017-01-07,0.0
891,2017-01-08,0.0
892,2017-01-09,0.0
893,2017-01-10,0.0
894,2017-01-11,0.0
895,2017-01-12,0.0
896,2017-01-13,0.0
897,2017-01-14,0.0
898,2017-01-15,0.0
899,2017-01-16,0.0
900,2017-01-17,0.0
901,2017-01-18,0.0
902,2017-01-19,0.0
903,2017-01-20,0.0
904,2017-01-21,0.0
905,2017-01-22,0.0
906,2017-01-23,0.0
907,2017-01-24,0.0
908,2017-01-25,0.0
909,2017-01-26,0.0
910,2017-01-27,0.0
911,2017-01-28,0.0
912,2017-01-29,0.0
913,2017-01-30,0.0
914,2017-01-31,0.0
915,2017-02-01,0.0
916,2017-02-02,0.0
917,2017-02-03,0.0
918,2017-02-04,0.0
919,2017-02-05,0.0
920,2017-02-06,0.0
921,2017-02-07,0.0
922,2017-02-08,0.0
923,2017-02-09,0.0
924,2017-02-10,0.0
925,2017-02-11,0.0
926,2017-02-12,0.0
927,2017-02-13,0.0
928,2017-02-14,0.0
929,2017-02-15,0.0
930,2017-02-16,0.0
931,2017-02-17,0.0
932,2017-02-18,0.0
933,2017-02-19,0.0
934,2017-02-20,0.0
935,2017-02-21,0.0
936,2017-02-22,0.0
937,2017-02-23,0.0
938,2017-02-24,0.0
939,2017-02-25,0.0
940,2017-02-26,0.0
941,2017-02-27,0.0
942,2017-02-28,0.0
943,2017-03-01,0.0
944,2017-03-02,0.0
945,2017-03-03,0.0
946,2017-03-04,0.0
947,2017-03-05,0.0
948,2017-03-06,0.0
949,2017-03-07,0.0
950,2017-03-08,0.0
951,2017-03-09,0.0
952,2017-03-10,0.0
953,2017-03-11,0.0
954,2017-03-12,0.0
955,2017-03-13,0.0
956,2017-03-14,0.0
957,2017-03-15,0.0
958,2017-03-16,0.0
959,2017-03-17,0.0
960,2017-03-18,0.0
961,2017-03-19,0.0
962,2017-03-20,0.0
963,2017-03-21,0.0
964,2017-03-22,0.0
965,2017-03-23,0.0
966,2017-03-24,0.0
967,2017-03-25,0.0
968,2017-03-26,0.0
969,2017-03-27,0.0
970,2017-03-28,0.0
971,2017-03-29,0.0
972,2017-03-30,0.0
973,2017-03-31,0.0
974,2017-04-01,0.0
975,2017-04-02,0.0
976,2017-04-03,0.0
977,2017-04-04,0.0
978,2017-04-05,0.0
979,2017-04-06,0.0
980,2017-04-07,0.0
981,2017-04-08,0.0
982,2017-04-09,0.0
983,2017-04-10,0.0
984,2017-04-11,0.0
985,2017-04-12,0.0
986,2017-04-13,0.0
987,2017-04-14,0.0
988,2017-04-15,0.0
989,2017-04-16,0.0
990,2017-04-17,0.0
991,2017-04-18,0.0
992,2017-04-19,0.0
993,2017-04-20,0.0
994,2017-04-21,0.0
995,2017-04-22,0.0
996,2017-04-23,0.0
997,2017-04-24,0.0
998,2017-04-25,0.0
999,2017-04-26,0.0
1000,2017-04-27,0.0
1001,2017-04-28,0.0
1002,2017-04-29,0.0
1003,2017-04-30,0.0
1004,2017-05-01,0.0
1005,2017-05-02,0.0
1006,2017-05-03,0.0
1007,2017-05-04,0.0
1008,2017-05-05,0.0
1009,2017-05-06,0.0
1010,2017-05-07,0.0
1011,2017-05-08,0.0
1012,2017-05-09,0.0
1013,2017-05-10,0.0
1014,2017-05-11,0.0
1015,2017-05-12,0.0
1016,2017-05-13,0.0
1017,2017-05-14,0.0
1018,2017-05-15,0.0
1019,2017-05-16,0.0
1020,2017-05-17,0.0
1021,2017-05-18,0.0
1022,2017-05-19,0.0
1023,2017-05-20,0.0
1024,2017-05-21,0.0
1025,2017-05-22,0.0
1026,2017-05-23,0.0
1027,2017-05-24,0.0
1028,2017-05-25,0.0
1029,2017-05-26,0.0
1030,2017-05-27,0.0
1031,2017-05-28,0.0
1032,2017-05-29,0.0
1033,2017-05-30,0.0
1034,2017-05-31,0.0
1035,2017-06-01,0.0
1036,2017-06-02,0.0
1037,2017-06-03,0.0
1038,2017-06-04,0.0
1039,2017-06-05,0.0
1040,2017-06-06,0.0
1041,2017-06-07,0.0
1042,2017-06-08,0.0
1043,2017-06-09,0.0
1044,2017-06-10,0.0
1045,2017-06-11,0.0
1046,2017-06-12,0.0
1047,2017-06-13,0.0
1048,2017-06-14,0.0
1049,2017-06-15,0.0
1050,2017-06-16,0.0
1051,2017-06-17,0.0
1052,2017-06-18,0.0
1053,2017-06-19,0.0
1054,2017-06-20,0.0
1055,2017-06-21,0.0
1056,2017-06-22,0.0
1057,2017-06-23,0.0
1058,2017-06-24,0.0
1059,2017-06-25,0.0
1060,2017-06-26,0.0
1061,2017-06-27,0.0
1062,2017-06-28,0.0
1063,2017-06-29,0.0
1064,2017-06-30,0.0
1065,2017-07-01,0.0
1066,2017-07-02,0.0
1067,2017-07-03,0.0
1068,2017-07-04,0.0
1069,2017-07-05,0.0
1070,2017-07-06,0.0
1071,2017-07-07,0.0
1072,2017-07-08,0.0
1073,2017-07-09,0.0
1074,2017-07-10,0.0
1075,2017-07-11,0.0
1076,2017-07-12,0.0
1077,2017-07-13,0.0
1078,2017-07-14,0.0
1079,2017-07-15,0.0
1080,2017-07-16,0.0
1081,2017-07-17,0.0
1082,2017-07-18,0.0
1083,2017-07-19,0.0
1084,2017-07-20,0.0
1085,2017-07-21,0.0
1086,2017-07-22,0.0
1087,2017-07-23,0.0
1088,2017-07-24,0.0
1089,2017-07-25,0.0
1090,2017-07-26,0.0
1091,2017-07-27,0.0
1092,2017-07-28,0.0
1093,2017-07-29,0.0
1094,2017-07-30,0.0
1095,2017-07-31,0.0
1096,2017-08-01,0.0
1097,2017-08-02,0.0
1098,2017-08-03,0.0
1099,2017-08-04,0.0
1100,2017-08-05,0.0
1101,2017-08-06,0.0
1102,2017-08-07,0.0
1103,2017-08-08,0.0
1104,2017-08-09,0.0
1105,2017-08-10,0.0
1106,2017-08-11,0.0
1107,2017-08-12,0.0
1108,2017-08-13,0.0
1109,2017-08-14,0.0
1110,2017-08-15,0.0
1111,2017-08-16,0.0
1112,2017-08-17,0.0
1113,2017-08-18,0.0
1114,2017-08-19,0.0
1115,2017-08-20,0.0
1116,2017-08-21,0.0
1117,2017-08-22,0.0
1118,2017-08-23,0.0
1119,2017-08-24,0.0
1120,2017-08-25,0.0
1121,2017-08-26,0.0
1122,2017-08-27,0.0
1123,2017-08-28,0.0
1124,2017-08-29,0.0
1125,2017-08-30,0.0
1126,2017-08-31,0.0
1127,2017-09-01,0.0
1128,2017-09-02,0.0
1129,2017-09-03,0.0
1130,2017-09-04,0.0
1131,2017-09-05,0.0
1132,2017-09-06,0.0
1133,2017-09-07,0.0
1134,2017-09-08,0.0
1135,2017-09-09,0.0
1136,2017-09-10,0.0
1137,2017-09-11,0.0
1138,2017-09-12,0.0
1139,2017-09-13,0.0
1140,2017-09-14,0.0
1141,2017-09-15,0.0
1142,2017-09-16,0.0
1143,2017-09-17,0.0
1144,2017-09-18,0.0
1145,2017-09-19,0.0
1146,2017-09-20,0.0
1147,2017-09-21,0.0
1148,2017-09-22,0.0
1149,2017-09-23,0.0
1150,2017-09-24,0.0
1151,2017-09-25,0.0
1152,2017-09-26,0.0
1153,2017-09-27,0.0
1154,2017-09-28,0.0
1155,2017-09-29,0.0
1156,2017-09-30,0.0
1157,2017-10-01,0.0
1158,2017-10-02,0.0
1159,2017-10-03,0.0
1160,2017-10-04,0.0
1161,2017-10-05,0.0
1162,2017-10-06,0.0
1163,2017-10-07,0.0
1164,2017-10-08,0.0
1165,2017-10-09,0.0
1166,2017-10-10,0.0
1167,2017-10-11,0.0
1168,2017-10-12,0.0
1169,2017-10-13,0.0
1170,2017-10-14,0.0
1171,2017-10-15,0.0
1172,2017-10-16,0.0
1173,2017-10-17,0.0
1174,2017-10-18,0.0
1175,2017-10-19,0.0
1176,2017-10-20,0.0
1177,2017-10-21,0.0
1178,2017-10-22,0.0
1179,2017-10-23,0.0
1180,2017-10-24,0.0
1181,2017-10-25,0.0
1182,2017-10-26,0.0
1183,2017-10-27,0.0
1184,2017-10-28,0.0
1185,2017-10-29,0.0
1186,2017-10-30,0.0
1187,2017-10-31,0.0
1188,2017-11-01,0.0
1189,2017-11-02,0.0
1190,2017-11-03,0.0
1191,2017-11-04,0.0
1192,2017-11-05,0.0
1193,2017-11-06,0.0
1194,2017-11-07,0.0
1195,2017-11-08,0.0
1196,2017-11-09,0.0
1197,2017-11-10,0.0
1198,2017-11-11,0.0
1199,2017-11-12,0.0
1200,2017-11-13,0.0
1201,2017-11-14,0.0
1202,2017-11-15,0.0
1203,2017-11-16,0.0
1204,2017-11-17,0.0
1205,2017-11-18,0.0
1206,2017-11-19,0.0
1207,2017-11-20,0.0
1208,2017-11-21,0.0
1209,2017-11-22,0.0
1210,2017-11-23,0.0
1211,2017-11-24,0.0
1212,2017-11-25,0.0
1213,2017-11-26,0.0
1214,2017-11-27,0.0
1215,2017-11-28,0.0
1216,2017-11-29,0.0
1217,2017-11-30,0.0
1218,2017-12-01,0.0
1219,2017-12-02,0.0
1220,2017-12-03,0.0
1221,2017-12-04,0.0
1222,2017-12-05,0.0
1223,2017-12-06,0.0
1224,2017-12-07,0.0
1225,2017-12-08,0.0
1226,2017-12-09,0.0
1227,2017-12-10,0.0
1228,2017-12-11,0.0
1229,2017-12-12,0.0
1230,2017-12-13,0.0
1231,2017-12-14,0.0
1232,2017-12-15,0.0
1233,2017-12-16,0.0
1234,2017-12-17,0.0
1235,2017-12-18,0.0
1236,2017-12-19,0.0
1237,2017-12-20,0.0
1238,2017-12-21,0.0
1239,2017-12-22,0.0
1240,2017-12-23,0.0
1241,2017-12-24,0.0
1242,2017-12-25,0.0
1243,2017-12-26,0.0
1244,2017-12-27,0.0
1245,2017-12-28,0.0
1246,2017-12-29,0.0
1247,2017-12-30,0.0
1248,2017-12-31,0.0
1249,2018-01-01,0.0
1250,2018-01-02,0.0
1251,2018-01-03,0.0
1252,2018-01-04,0.0
1253,2018-01-05,0.0
1254,2018-01-06,0.0
1255,2018-01-07,0.0
1256,2018-01-08,0.0
1257,2018-01-09,0.0
1258,2018-01-10,0.0
1259,2018-01-11,0.0
1260,2018-01-12,0.0
1261,2018-01-13,0.0
1262,2018-01-14,0.0
1263,2018-01-15,0.0
1264,2018-01-16,0.0
1265,2018-01-17,0.0
1266,2018-01-18,0.0
1267,2018-01-19,0.0
1268,2018-01-20,0.0
1269,2018-01-21,0.0
1270,2018-01-22,0.0
1271,2018-01-23,0.0
1272,2018-01-24,0.0
1273,2018-01-25,0.0
1274,2018-01-26,0.0
1275,2018-01-27,0.0
1276,2018-01-28,0.0
1277,2018-01-29,0.0
1278,2018-01-30,0.0
1279,2018-01-31,0.0
1280,2018-02-01,0.0
1281,2018-02-02,0.0
1282,2018-02-03,0.0
1283,2018-02-04,0.0
1284,2018-02-05,0.0
1285,2018-02-06,0.0
1286,2018-02-07,0.0
1287,2018-02-08,0.0
1288,2018-02-09,0.0
1289,2018-02-10,0.0
1290,2018-02-11,0.0
1291,2018-02-12,0.0
1292,2018-02-13,0.0
1293,2018-02-14,0.0
1294,2018-02-15,0.0
1295,2018-02-16,0.0
1296,2018-02-17,0.0
1297,2018-02-18,0.0
1298,2018-02-19,0.0
1299,2018-02-20,0.0
1300,2018-02-21,0.0
1301,2018-02-22,0.0
1302,2018-02-23,0.0
1303,2018-02-24,0.0
1304,2018-02-25,0.0
1305,2018-02-26,0.0
1306,2018-02-27,0.0
1307,2018-02-28,0.0
1308,2018-03-01,0.0
1309,2018-03-02,0.0
1310,2018-03-03,0.0
1311,2018-03-04,0.0
1312,2018-03-05,0.0
1313,2018-03-06,0.0
1314,2018-03-07,0.0
1315,2018-03-08,0.0
1316,2018-03-09,0.0
1317,2018-03-10,0.0
1318,2018-03-11,0.0
1319,2018-03-12,0.0
1320,2018-03-13,0.0
1321,2018-03-14,0.0
1322,2018-03-15,0.0
1323,2018-03-16,0.0
1324,2018-03-17,0.0
1325,2018-03-18,0.0
1326,2018-03-19,0.0
1327,2018-03-20,0.0
1328,2018-03-21,0.0
1329,2018-03-22,0.0
1330,2018-03-23,0.0
1331,2018-03-24,0.0
1332,2018-03-25,0.0
1333,2018-03-26,0.0
1334,2018-03-27,0.0
1335,2018-03-28,0.0
1336,2018-03-29,0.0
1337,2018-03-30,0.0
1338,2018-03-31,0.0
1339,2018-04-01,0.0
1340,2018-04-02,0.0
1341,2018-04-03,0.0
1342,2018-04-04,0.0
1343,2018-04-05,0.0
1344,2018-04-06,0.0
1345,2018-04-07,0.0
1346,2018-04-08,0.0
1347,2018-04-09,0.0
1348,2018-04-10,0.0
1349,2018-04-11,0.0
1350,2018-04-12,0.0
1351,2018-04-13,0.0
1352,2018-04-14,0.0
1353,2018-04-15,0.0
1354,2018-04-16,0.0
1355,2018-04-17,0.0
1356,2018-04-18,0.0
1357,2018-04-19,0.0
1358,2018-04-20,0.0
1359,2018-04-21,0.0
1360,2018-04-22,0.0
1361,2018-04-23,0.0
1362,2018-04-24,0.0
1363,2018-04-25,0.0
1364,2018-04-26,0.0
1365,2018-04-27,0.0
1366,2018-04-28,0.0
1367,2018-04-29,0.0
1368,2018-04-30,0.0
1369,2018-05-01,0.0
1370,2018-05-02,0.0
1371,2018-05-03,0.0
1372,2018-05-04,0.0
1373,2018-05-05,0.0
1374,2018-05-06,0.0
1375,2018-05-07,0.0
1376,2018-05-08,0.0
1377,2018-05-09,0.0
1378,2018-05-10,0.0
1379,2018-05-11,0.0
1380,2018-05-12,0.0
1381,2018-05-13,0.0
1382,2018-05-14,0.0
1383,2018-05-15,0.0
1384,2018-05-16,0.0
1385,2018-05-17,0.0
1386,2018-05-18,0.0
1387,2018-05-19,0.0
1388,2018-05-20,0.0
1389,2018-05-21,0.0
1390,2018-05-22,0.0
1391,2018-05-23,0.0
1392,2018-05-24,0.0
1393,2018-05-25,0.0
1394,2018-05-26,0.0
1395,2018-05-27,0.0
1396,2018-05-28,0.0
1397,2018-05-29,0.0
1398,2018-05-30,0.0
1399,2018-05-31,0.0
1400,2018-06-01,0.0
1401,2018-06-02,0.0
1402,2018-06-03,0.0
1403,2018-06-04,0.0
1404,2018-06-05,0.0
1405,2018-06-06,0.0
1406,2018-06-07,0.0
1407,2018-06-08,0.0
1408,2018-06-09,0.0
1409,2018-06-10,0.0
1410,2018-06-11,0.0
1411,2018-06-12,0.0
1412,2018-06-13,0.0
1413,2018-06-14,0.0
1414,2018-06-15,0.0
1415,2018-06-16,0.0
1416,2018-06-17,0.0
1417,2018-06-18,0.0
1418,2018-06-19,0.0
1419,2018-06-20,0.0
1420,2018-06-21,0.0
1421,2018-06-22,0.0
1422,2018-06-23,0.0
1423,2018-06-24,0.0
1424,2018-06-25,0.0
1425,2018-06-26,0.0
1426,2018-06-27,0.0
1427,2018-06-28,0.0
1428,2018-06-29,0.0
1429,2018-06-30,0.0
1430,2018-07-01,0.0
1431,2018-07-02,0.0
1432,2018-07-03,0.0
1433,2018-07-04,0.0
1434,2018-07-05,0.0
1435,2018-07-06,0.0
1436,2018-07-07,0.0
1437,2018-07-08,0.0
1438,2018-07-09,0.0
1439,2018-07-10,0.0
1440,2018-07-11,0.0
1441,2018-07-12,0.0
1442,2018-07-13,0.0
1443,2018-07-14,0.0
1444,2018-07-15,0.0
1445,2018-07-16,0.0
1446,2018-07-17,0.0
1447,2018-07-18,0.0
1448,2018-07-19,0.0
1449,2018-07-20,0.0
1450,2018-07-21,0.0
1451,2018-07-22,0.0
1452,2018-07-23,0.0
1453,2018-07-24,0.0
1454,2018-07-25,0.0
1455,2018-07-26,0.0
1456,2018-07-27,0.0
1457,2018-07-28,0.0
1458,2018-07-29,0.0
1459,2018-07-30,0.0
1460,2018-07-31,0.0
1461,2018-08-01,0.0
1462,2018-08-02,0.0
1463,2018-08-03,0.0
1464,2018-08-04,0.0
1465,2018-08-05,0.0
1466,2018-08-06,0.0
1467,2018-08-07,0.0
1468,2018-08-08,0.0
1469,2018-08-09,0.0
1470,2018-08-10,0.0
1471,2018-08-11,0.0
1472,2018-08-12,0.0
1473,2018-08-13,0.0
1474,2018-08-14,0.0
1475,2018-08-15,0.0
1476,2018-08-16,0.0
1477,2018-08-17,0.0
1478,2018-08-18,0.0
1479,2018-08-19,0.0
1480,2018-08-20,0.0
1481,2018-08-21,0.0
1482,2018-08-22,0.0
1483,2018-08-23,0.0
1484,2018-08-24,0.0
1485,2018-08-25,0.0
1486,2018-08-26,0.0
1487,2018-08-27,0.0
1488,2018-08-28,0.0
1489,2018-08-29,0.0
1490,2018-08-30,0.0
1491,2018-08-31,0.0
1492,2018-09-01,0.0
1493,2018-09-02,0.0
1494,2018-09-03,0.0
1495,2018-09-04,0.0
1496,2018-09-05,0.0
1497,2018-09-06,0.0
1498,2018-09-07,0.0
1499,2018-09-08,0.0
1500,2018-09-09,0.0
1501,2018-09-10,0.0
1502,2018-09-11,0.0
1503,2018-09-12,0.0
1504,2018-09-13,0.0
1505,2018-09-14,0.0
1506,2018-09-15,0.0
1507,2018-09-16,0.0
1508,2018-09-17,0.0
1509,2018-09-18,0.0
1510,2018-09-19,0.0
1511,2018-09-20,0.0
1512,2018-09-21,0.0
1513,2018-09-22,0.0
1514,2018-09-23,0.0
1515,2018-09-24,0.0
1516,2018-09-25,0.0
1517,2018-09-26,0.0
1518,2018-09-27,0.0
1519,2018-09-28,0.0
1520,2018-09-29,0.0
1521,2018-09-30,0.0
1522,2018-10-01,0.0
1523,2018-10-02,0.0
1524,2018-10-03,0.0
1525,2018-10-04,0.0
1526,2018-10-05,0.0
1527,2018-10-06,0.0
1528,2018-10-07,0.0
1529,2018-10-08,0.0
1530,2018-10-09,0.0
1531,2018-10-10,0.0
1532,2018-10-11,0.0
1533,2018-10-12,0.0
1534,2018-10-13,0.0
1535,2018-10-14,0.0
1536,2018-10-15,0.0
1537,2018-10-16,0.0
1538,2018-10-17,0.0
1539,2018-10-18,0.0
1540,2018-10-19,0.0
1541,2018-10-20,0.0
1542,2018-10-21,0.0
1543,2018-10-22,0.0
1544,2018-10-23,0.0
1545,2018-10-24,0.0
1546,2018-10-25,0.0
1547,2018-10-26,0.0
1548,2018-10-27,0.0
1549,2018-10-28,0.0
1550,2018-10-29,0.0
1551,2018-10-30,0.0
1552,2018-10-31,0.0
1553,2018-11-01,0.0
1554,2018-11-02,0.0
1555,2018-11-03,0.0
1556,2018-11-04,0.0
1557,2018-11-05,0.0
1558,2018-11-06,0.0
1559,2018-11-07,0.0
1560,2018-11-08,0.0
1561,2018-11-09,0.0
1562,2018-11-10,0.0
1563,2018-11-11,0.0
1564,2018-11-12,0.0
1565,2018-11-13,0.0
1566,2018-11-14,0.0
1567,2018-11-15,0.0
1568,2018-11-16,0.0
1569,2018-11-17,0.0
1570,2018-11-18,0.0
1571,2018-11-19,0.0
1572,2018-11-20,0.0
1573,2018-11-21,0.0
1574,2018-11-22,0.0
1575,2018-11-23,0.0
1576,2018-11-24,0.0
1577,2018-11-25,0.0
1578,2018-11-26,0.0
1579,2018-11-27,0.0
1580,2018-11-28,0.0
1581,2018-11-29,0.0
1582,2018-11-30,0.0
1583,2018-12-01,0.0
1584,2018-12-02,0.0
1585,2018-12-03,0.0
1586,2018-12-04,0.0
1587,2018-12-05,0.0
1588,2018-12-06,0.0
1589,2018-12-07,0.0
1590,2018-12-08,0.0
1591,2018-12-09,0.0
1592,2018-12-10,0.0
1593,2018-12-11,0.0
1594,2018-12-12,0.0
1595,2018-12-13,0.0
1596,2018-12-14,0.0
1597,2018-12-15,0.0
1598,2018-12-16,0.0
1599,2018-12-17,0.0
1600,2018-12-18,0.0
1601,2018-12-19,0.0
1602,2018-12-20,0.0
1603,2018-12-21,0.0
1604,2018-12-22,0.0
1605,2018-12-23,0.0
1606,2018-12-24,0.0
1607,2018-12-25,0.0
1608,2018-12-26,0.0
1609,2018-12-27,0.0
1610,2018-12-28,0.0
1611,2018-12-29,0.0
1612,2018-12-30,0.0
1613,2018-12-31,0.0
1614,2019-01-01,0.0
1615,2019-01-02,0.0
1616,2019-01-03,0.0
1617,2019-01-04,0.0
1618,2019-01-05,0.0
1619,2019-01-06,0.0
1620,2019-01-07,0.0
1621,2019-01-08,0.0
1622,2019-01-09,0.0
1623,2019-01-10,0.0
1624,2019-01-11,0.0
1625,2019-01-12,0.0
1626,2019-01-13,0.0
1627,2019-01-14,0.0
1628,2019-01-15,0.0
1629,2019-01-16,0.0
1630,2019-01-17,0.0
1631,2019-01-18,0.0
1632,2019-01-19,0.0
1633,2019-01-20,0.0
1634,2019-01-21,0.0
1635,2019-01-22,0.0
1636,2019-01-23,0.0
1637,2019-01-24,0.0
1638,2019-01-25,0.0
1639,2019-01-26,0.0
1640,2019-01-27,0.0
1641,2019-01-28,0.0
1642,2019-01-29,0.0
1643,2019-01-30,0.0
1644,2019-01-31,0.0
1645,2019-02-01,0.0
1646,2019-02-02,0.0
1647,2019-02-03,0.0
1648,2019-02-04,0.0
1649,2019-02-05,0.0
1650,2019-02-06,0.0
1651,2019-02-07,0.0
1652,2019-02-08,0.0
1653,2019-02-09,0.0
1654,2019-02-10,0.0
1655,2019-02-11,0.0
1656,2019-02-12,0.0
1657,2019-02-13,0.0
1658,2019-02-14,0.0
1659,2019-02-15,0.0
1660,2019-02-16,0.0
1661,2019-02-17,0.0
1662,2019-02-18,0.0
1663,2019-02-19,0.0
1664,2019-02-20,0.0
1665,2019-02-21,0.0
1666,2019-02-22,0.0
1667,2019-02-23,0.0
1668,2019-02-24,0.0
1669,2019-02-25,0.0
1670,2019-02-26,0.0
1671,2019-02-27,0.0
1672,2019-02-28,0.0
1673,2019-03-01,0.0
1674,2019-03-02,0.0
1675,2019-03-03,0.0
1676,2019-03-04,0.0
1677,2019-03-05,0.0
1678,2019-03-06,0.0
1679,2019-03-07,0.0
1680,2019-03-08,0.0
1681,2019-03-09,0.0
1682,2019-03-10,0.0
1683,2019-03-11,0.0
1684,2019-03-12,0.0
1685,2019-03-13,0.0
1686,2019-03-14,0.0
1687,2019-03-15,0.0
1688,2019-03-16,0.0
1689,2019-03-17,0.0
1690,2019-03-18,0.0
1691,2019-03-19,0.0
1692,2019-03-20,0.0
1693,2019-03-21,0.0
1694,2019-03-22,0.0
1695,2019-03-23,0.0
1696,2019-03-24,0.0
1697,2019-03-25,0.0
1698,2019-03-26,0.0
1699,2019-03-27,0.0
1700,2019-03-28,0.0
1701,2019-03-29,0.0
1702,2019-03-30,0.0
1703,2019-03-31,0.0
1704,2019-04-01,0.0
1705,2019-04-02,0.0
1706,2019-04-03,0.0
1707,2019-04-04,0.0
1708,2019-04-05,0.0
1709,2019-04-06,0.0
1710,2019-04-07,0.0
1711,2019-04-08,0.0
1712,2019-04-09,0.0
1713,2019-04-10,0.0
1714,2019-04-11,0.0
1715,2019-04-12,0.0
1716,2019-04-13,0.0
1717,2019-04-14,0.0
1718,2019-04-15,0.0
1719,2019-04-16,0.0
1720,2019-04-17,0.0
1721,2019-04-18,0.0
1722,2019-04-19,0.0
1723,2019-04-20,0.0
1724,2019-04-21,0.0
1725,2019-04-22,0.0
1726,2019-04-23,0.0
1727,2019-04-24,0.0
1728,2019-04-25,0.0
1729,2019-04-26,0.0
1730,2019-04-27,0.0
1731,2019-04-28,0.0
1732,2019-04-29,0.0
1733,2019-04-30,0.0
1734,2019-05-01,0.0
1735,2019-05-02,0.0
1736,2019-05-03,0.0
1737,2019-05-04,0.0
1738,2019-05-05,0.0
1739,2019-05-06,0.0
1740,2019-05-07,0.0
1741,2019-05-08,0.0
1742,2019-05-09,0.0
1743,2019-05-10,0.0
1744,2019-05-11,0.0
1745,2019-05-12,0.0
1746,2019-05-13,0.0
1747,2019-05-14,0.0
1748,2019-05-15,0.0
1749,2019-05-16,0.0
1750,2019-05-17,0.0
1751,2019-05-18,0.0
1752,2019-05-19,0.0
1753,2019-05-20,0.0
1754,2019-05-21,0.0
1755,2019-05-22,0.0
1756,2019-05-23,0.0
1757,2019-05-24,0.0
1758,2019-05-25,0.0
1759,2019-05-26,0.0
1760,2019-05-27,0.0
1761,2019-05-28,0.0
1762,2019-05-29,0.0
1763,2019-05-30,0.0
1764,2019-05-31,0.0
1765,2019-06-01,0.0
1766,2019-06-02,0.0
1767,2019-06-03,0.0
1768,2019-06-04,0.0
1769,2019-06-05,0.0
1770,2019-06-06,0.0
1771,2019-06-07,0.0
1772,2019-06-08,0.0
1773,2019-06-09,0.0
1774,2019-06-10,0.0
1775,2019-06-11,0.0
1776,2019-06-12,0.0
1777,2019-06-13,0.0
1778,2019-06-14,0.0
1779,2019-06-15,0.0
1780,2019-06-16,0.0
1781,2019-06-17,0.0
1782,2019-06-18,0.0
1783,2019-06-19,0.0
1784,2019-06-20,0.0
1785,2019-06-21,0.0
1786,2019-06-22,0.0
1787,2019-06-23,0.0
1788,2019-06-24,0.0
1789,2019-06-25,0.0
1790,2019-06-26,0.0
1791,2019-06-27,0.0
1792,2019-06-28,0.0
1793,2019-06-29,0.0
1794,2019-06-30,0.0
1795,2019-07-01,0.0
1796,2019-07-02,0.0
1797,2019-07-03,0.0
1798,2019-07-04,0.0
1799,2019-07-05,0.0
1800,2019-07-06,0.0
1801,2019-07-07,0.0
1802,2019-07-08,0.0
1803,2019-07-09,0.0
1804,2019-07-10,0.0
1805,2019-07-11,0.0
1806,2019-07-12,0.0
1807,2019-07-13,0.0
1808,2019-07-14,0.0
1809,2019-07-15,0.0
1810,2019-07-16,0.0
1811,2019-07-17,0.0
1812,2019-07-18,0.0
1813,2019-07-19,0.0
1814,2019-07-20,0.0
1815,2019-07-21,0.0
1816,2019-07-22,0.0
1817,2019-07-23,0.0
1818,2019-07-24,0.0
1819,2019-07-25,0.0
1820,2019-07-26,0.0
1821,2019-07-27,0.0
1822,2019-07-28,0.0
1823,2019-07-29,0.0
1824,2019-07-30,0.0
1825,2019-07-31,0.0
1826,2019-08-01,0.0
1827,2019-08-02,0.0
1828,2019-08-03,0.0
1829,2019-08-04,0.0
1830,2019-08-05,0.0
1831,2019-08-06,0.0
1832,2019-08-07,0.0
1833,2019-08-08,0.0
1834,2019-08-09,0.0
1835,2019-08-10,0.0
1836,2019-08-11,0.0
1837,2019-08-12,0.0
1838,2019-08-13,0.0
1839,2019-08-14,0.0
1840,2019-08-15,0.0
1841,2019-08-16,0.0
1842,2019-08-17,0.0
1843,2019-08-18,0.0
1844,2019-08-19,0.0
1845,2019-08-20,0.0
1846,2019-08-21,0.0
1847,2019-08-22,0.0
1848,2019-08-23,0.0
1849,2019-08-24,0.0
1850,2019-08-25,0.0
1851,2019-08-26,0.0
1852,2019-08-27,0.0
1853,2019-08-28,0.0
1854,2019-08-29,0.0
1855,2019-08-30,0.0
1856,2019-08-31,0.0
1857,2019-09-01,0.0
1858,2019-09-02,0.0
1859,2019-09-03,0.0
1860,2019-09-04,0.0
1861,2019-09-05,0.0
1862,2019-09-06,0.0
1863,2019-09-07,0.0
1864,2019-09-08,0.0
1865,2019-09-09,0.0
1866,2019-09-10,0.0
1867,2019-09-11,0.0
1868,2019-09-12,0.0
1869,2019-09-13,0.0
1870,2019-09-14,0.0
1871,2019-09-15,0.0
1872,2019-09-16,0.0
1873,2019-09-17,0.0
1874,2019-09-18,0.0
1875,2019-09-19,0.0
1876,2019-09-20,0.0
1877,2019-09-21,0.0
1878,2019-09-22,0.0
1879,2019-09-23,0.0
1880,2019-09-24,0.0
1881,2019-09-25,0.0
1882,2019-09-26,0.0
1883,2019-09-27,0.0
1884,2019-09-28,0.0
1885,2019-09-29,0.0
1886,2019-09-30,0.0
1887,2019-10-01,0.0
1888,2019-10-02,0.0
1889,2019-10-03,0.0
1890,2019-10-04,0.0
1891,2019-10-05,0.0
1892,2019-10-06,0.0
1893,2019-10-07,0.0
1894,2019-10-08,0.0
1895,2019-10-09,0.0
1896,2019-10-10,0.0
1897,2019-10-11,0.0
1898,2019-10-12,0.0
1899,2019-10-13,0.0
1900,2019-10-14,0.0
1901,2019-10-15,0.0
1902,2019-10-16,0.0
1903,2019-10-17,0.0
1904,2019-10-18,0.0
1905,2019-10-19,0.0
1906,2019-10-20,0.0
1907,2019-10-21,0.0
1908,2019-10-22,0.0
1909,2019-10-23,0.0
1910,2019-10-24,0.0
1911,2019-10-25,0.0
1912,2019-10-26,0.0
1913,2019-10-27,0.0
1914,2019-10-28,0.0
1915,2019-10-29,0.0
1916,2019-10-30,0.0
1917,2019-10-31,0.0
1918,2019-11-01,0.0
1919,2019-11-02,0.0
1920,2019-11-03,0.0
1921,2019-11-04,0.0
1922,2019-11-05,0.0
1923,2019-11-06,0.0
1924,2019-11-07,0.0
1925,2019-11-08,0.0
1926,2019-11-09,0.0
1927,2019-11-10,0.0
1928,2019-11-11,0.0
1929,2019-11-12,0.0
1930,2019-11-13,0.0
1931,2019-11-14,0.0
1932,2019-11-15,0.0
1933,2019-11-16,0.0
1934,2019-11-17,0.0
1935,2019-11-18,0.0
1936,2019-11-19,0.0
1937,2019-11-20,0.0
1938,2019-11-21,0.0
1939,2019-11-22,0.0
1940,2019-11-23,0.0
1941,2019-11-24,0.0
1942,2019-11-25,0.0
1943,2019-11-26,0.0
1944,2019-11-27,0.0
1945,2019-11-28,0.0
1946,2019-11-29,0.0
1947,2019-11-30,0.0
1948,2019-12-01,0.0
1949,2019-12-02,0.0
1950,2019-12-03,0.0
1951,2019-12-04,0.0
1952,2019-12-05,0.0
1953,2019-12-06,0.0
1954,2019-12-07,0.0
1955,2019-12-08,0.0
1956,2019-12-09,0.0
1957,2019-12-10,0.0
1958,2019-12-11,0.0
1959,2019-12-12,0.0
1960,2019-12-13,0.0
1961,2019-12-14,0.0
1962,2019-12-15,0.0
1963,2019-12-16,0.0
1964,2019-12-17,0.0
1965,2019-12-18,0.0
1966,2019-12-19,0.0
1967,2019-12-20,0.0
1968,2019-12-21,0.0
1969,2019-12-22,0.0
1970,2019-12-23,0.0
1971,2019-12-24,0.0
1972,2019-12-25,0.0
1973,2019-12-26,0.0
1974,2019-12-27,0.0
1975,2019-12-28,0.0
1976,2019-12-29,0.0
1977,2019-12-30,0.0
1978,2019-12-31,0.0
1979,2020-01-01,0.0
1980,2020-01-02,0.0
1981,2020-01-03,0.0
1982,2020-01-04,0.0
1983,2020-01-05,0.0
1984,2020-01-06,0.0
1985,2020-01-07,0.0
1986,2020-01-08,0.0
1987,2020-01-09,0.0
1988,2020-01-10,0.0
1989,2020-01-11,0.0
1990,2020-01-12,0.0
1991,2020-01-13,0.0
1992,2020-01-14,0.0
1993,2020-01-15,0.0
1994,2020-01-16,0.0
1995,2020-01-17,0.0
1996,2020-01-18,0.0
1997,2020-01-19,0.0
1998,2020-01-20,0.0
1999,2020-01-21,0.0
2000,2020-01-22,0.0
2001,2020-01-23,0.0
2002,2020-01-24,0.0
2003,2020-01-25,0.0
2004,2020-01-26,0.0
2005,2020-01-27,0.0
2006,2020-01-28,0.0
2007,2020-01-29,0.0
2008,2020-01-30,0.0
2009,2020-01-31,0.0
2010,2020-02-01,0.0
2011,2020-02-02,0.0
2012,2020-02-03,0.0
2013,2020-02-04,0.0
2014,2020-02-05,0.0
2015,2020-02-06,0.0
2016,2020-02-07,0.0
2017,2020-02-08,0.0
2018,2020-02-09,0.0
2019,2020-02-10,0.0
2020,2020-02-11,0.0
2021,2020-02-12,0.0
2022,2020-02-13,0.0
2023,2020-02-14,0.0
2024,2020-02-15,0.0
2025,2020-02-16,0.0
2026,2020-02-17,0.0
2027,2020-02-18,0.0
2028,2020-02-19,0.0
2029,2020-02-20,0.0
2030,2020-02-21,0.0
2031,2020-02-22,0.0
2032,2020-02-23,0.0
2033,2020-02-24,0.0
2034,2020-02-25,0.0
2035,2020-02-26,0.0
2036,2020-02-27,0.0
2037,2020-02-28,0.0
2038,2020-02-29,0.0
2039,2020-03-01,0.0
2040,2020-03-02,0.0
2041,2020-03-03,0.0
2042,2020-03-04,0.0
2043,2020-03-05,0.0
2044,2020-03-06,0.0
2045,2020-03-07,0.0
2046,2020-03-08,0.0
2047,2020-03-09,0.0
2048,2020-03-10,0.0
2049,2020-03-11,0.0
2050,2020-03-12,0.0
2051,2020-03-13,0.0
2052,2020-03-14,0.0
2053,2020-03-15,0.0
2054,2020-03-16,0.0
2055,2020-03-17,0.0
2056,2020-03-18,0.0
2057,2020-03-19,0.0
2058,2020-03-20,0.0
2059,2020-03-21,0.0
2060,2020-03-22,0.0
2061,2020-03-23,0.0
2062,2020-03-24,0.0
2063,2020-03-25,0.0
2064,2020-03-26,0.0
2065,2020-03-27,0.0
2066,2020-03-28,0.0
2067,2020-03-29,0.0
2068,2020-03-30,0.0
2069,2020-03-31,0.0
2070,2020-04-01,0.0
2071,2020-04-02,0.0
2072,2020-04-03,0.0
2073,2020-04-04,0.0
2074,2020-04-05,0.0
2075,2020-04-06,0.0
2076,2020-04-07,0.0
2077,2020-04-08,0.0
2078,2020-04-09,0.0
2079,2020-04-10,0.0
2080,2020-04-11,0.0
2081,2020-04-12,0.0
2082,2020-04-13,0.0
2083,2020-04-14,0.0
2084,2020-04-15,0.0
2085,2020-04-16,0.0
2086,2020-04-17,0.0
2087,2020-04-18,0.0
2088,2020-04-19,0.0
2089,2020-04-20,0.0
2090,2020-04-21,0.0
2091,2020-04-22,0.0
2092,2020-04-23,0.0
2093,2020-04-24,0.0
2094,2020-04-25,0.0
2095,2020-04-26,0.0
2096,2020-04-27,0.0
2097,2020-04-28,0.0
2098,2020-04-29,0.0
2099,2020-04-30,0.0
2100,2020-05-01,0.0
2101,2020-05-02,0.0
2102,2020-05-03,0.0
2103,2020-05-04,0.0
2104,2020-05-05,0.0
2105,2020-05-06,0.0
2106,2020-05-07,0.0
2107,2020-05-08,0.0
2108,2020-05-09,0.0
2109,2020-05-10,0.0
2110,2020-05-11,0.0
2111,2020-05-12,0.0
2112,2020-05-13,0.0
2113,2020-05-14,0.0
2114,2020-05-15,0.0
2115,2020-05-16,0.0
2116,2020-05-17,0.0
2117,2020-05-18,0.0
2118,2020-05-19,0.0
2119,2020-05-20,0.0
2120,2020-05-21,0.0
2121,2020-05-22,0.0
2122,2020-05-23,0.0
2123,2020-05-24,0.0
2124,2020-05-25,0.0
2125,2020-05-26,0.0
2126,2020-05-27,0.0
2127,2020-05-28,0.0
2128,2020-05-29,0.0
2129,2020-05-30,0.0
2130,2020-05-31,0.0
2131,2020-06-01,0.0
2132,2020-06-02,0.0
2133,2020-06-03,0.0
2134,2020-06-04,0.0
2135,2020-06-05,0.0
2136,2020-06-06,0.0
2137,2020-06-07,0.0
2138,2020-06-08,0.0
2139,2020-06-09,0.0
2140,2020-06-10,0.0
2141,2020-06-11,0.0
2142,2020-06-12,0.0
2143,2020-06-13,0.0
2144,2020-06-14,0.0
2145,2020-06-15,0.0
2146,2020-06-16,0.0
2147,2020-06-17,0.0
2148,2020-06-18,0.0
2149,2020-06-19,0.0
2150,2020-06-20,0.0
2151,2020-06-21,0.0
2152,2020-06-22,0.0
2153,2020-06-23,0.0
2154,2020-06-24,0.0
2155,2020-06-25,0.0
2156,2020-06-26,0.0
2157,2020-06-27,0.0
2158,2020-06-28,0.0
2159,2020-06-29,0.0
2160,2020-06-30,0.0
2161,2020-07-01,0.0
2162,2020-07-02,0.0
2163,2020-07-03,0.0
2164,2020-07-04,0.0
2165,2020-07-05,0.0
2166,2020-07-06,0.0
2167,2020-07-07,0.0
2168,2020-07-08,0.0
2169,2020-07-09,0.0
2170,2020-07-10,0.0
2171,2020-07-11,0.0
2172,2020-07-12,0.0
2173,2020-07-13,0.0
2174,2020-07-14,0.0
2175,2020-07-15,0.0
2176,2020-07-16,0.0
2177,2020-07-17,0.0
2178,2020-07-18,0.0
2179,2020-07-19,0.0
2180,2020-07-20,0.0
2181,2020-07-21,0.0
2182,2020-07-22,0.0
2183,2020-07-23,0.0
2184,2020-07-24,0.0
2185,2020-07-25,0.0
2186,2020-07-26,0.0
2187,2020-07-27,0.0
2188,2020-07-28,0.0
2189,2020-07-29,0.0
2190,2020-07-30,0.0
2191,2020-07-31,0.0
2192,2020-08-01,0.0
